,pdb_id,pkd,protein1_sequence,protein2_sequence,source
0,1KTZ,6.537602002101044,ENCCVRPLYIDFRQDLGWKWVHEPKGYYANFCSGPCPYLRSASASPCCVPQDLEPLTILYYVGRTPKVEQLSNMVVKSCKCS,PQLCKFCDVRFSTCDNQKSCMSNCSITSICEKPQEVCVAVWRKNDENITLETVCHDPKLPYHDFILEDAASPKCIMKEKKKPGETFFMCSCSSDECNDNIIFSEEY,Affinity Benchmark v5.5
1,1JTG,9.397940008672036,AGVMTGAKFTQIQFGMTRQQVLDIAGAENCETGGSFGDSIHCRGHAAGDYYAYATFGFTSAAADAKVDSKSQEKLLAPSAPTLTLAKFNQVTVGMTRAQVLATVGQGSCTTWSEYYPAYPSTAGVTLSLSCFDVDGYSSTGFYRGSAHLWFTDGVLQGKRQWDLV,HPETLVKVKDAEDQLGARVGYIELDLNSGKILESFRPEERFPMMSTFKVLLCGAVLSRIDAGQEQLGRRIHYSQNDLVEYSPVTEKHLTDGMTVRELCSAAITMSDNTAANLLLTTIGGPKELTAFLHNMGDHVTRLDRWEPELNEAIPNDERDTTMPVAMATTLRKLLTGELLTLASRQQLIDWMEAKVAGPLLRSALPAGWFIADKSGAGERGSRGIIAALGPDGKPSRIVVIYTTGSQATMDERNRQIAEIGASLIKHW,Affinity Benchmark v5.5
2,4ETQ,9.744727494896694,QVQLQQSGPELVKPGASVKISCKASGYSFNFYWMHWVKQRPGQGLEWIGMIDPSESESRLNQKFKDKATLTVDRSSSTAHMQLSSPTSEDSAVYYCTRSNYRYDYFDVWGAGTTVTVSSAKTTAPSVYPLAPVCGSSVTLGCLVKGYFPEPVTLTWNSGSLSSGVHTFPAVLQSDLYTLSSSVTVTSSTWPSQSITCNVAHPASSTKVDKKIEPRQIVLTQSPAIMSAFPGESVTMTCSASSSVSYMYWYQQKPGSSPRLLIYDTSNLASGVPVRFSGSGSGTSYSLTINRLEAEDGATYYCQQWTSYPLTFGAGTKLELKRADAAPTVSIFPPSSEQLTSGGASVVCFLNNFYPKDINVKWKIDGSERQNGVLNSWTDQDSKDSTYSMSSTLTLTKDEYERHNSYTCEATHKTSTSPIVKSFNRNE,QQLSPINIETKKAISNARLKPLDIHYNESKPTTIQNTGKLVRINFKGGYISGGFLPNEYVLSSLHIYWGKEDDYGSNHLIDVYKYSGEINLVHWNKKKYSSYEEAKKHDDGLIIISIFLQVLDHKNVYFQKIVNQLDSIRSANTSAPFDSVFYLDNLLPSKLDYFTYLGTTINHSADAVWIIFPTPINIHSDQLSKFRTLLSLYITENYRNPYKLNDDTEVYYSG,Affinity Benchmark v5.5
3,1DE4,7.167491087293763,RSHSLHYLFMGASEQDLGLSLFEALGYVDDQLFVFYDHESRRVEPRTPWVSSRISSQMWLQLSQSLKGWDHMFTVDFWTIMENHNHSKESHTLQVILGCEMQEDNSTEGYWKYGYDGQDHLEFCPDTLDWRAAEPRAWPTKLEWERHKIRARQNRAYLERDCPAQLQQLLELGRGVLDQQVPPLVKVTHHVTSSVTTLRCRALNYYPQNITMKWLKDKQPMDAKEFEPKDVLPNGDGTYQGWITLAVPPGEEQRYTCQVEHPGLDQPLIVIWIQRTPKIQVYSRHPAENGKSNFLNCYVSGFHPSDIEVDLLKNGERIEKVEHSDLSFSKDWSFYLLYYTEFTPTEKDEYACRVNHVTLSQPKIVKWDRDM,LYWDDLKRKLSEKLDSTDFTSTIKLLNENSYVPREAGSQKDENLALYVENQFREFKLSKVWRDQHFVKIQVKDSAQNSVIIVDKNGRLVYLVENPGGYVAYSKAATVTGKLVHANFGTKKDFEDLYTPVNGSIVIVRAGKITFAEKVANAESLNAIGVLIYMDQTKFPIVNAELSFFGHAHLGTGDPYTPGFPSFNHTQFPPSRSSGLPNIPVQTISRAAAEKLFGNMEGDCPSDWKTDSTCRMVTSESKNVKLTVSNVLKEIKILNIFGVIKGFVEPDHYVVVGAQRDAWGPGAAKSGVGTALLLKLAQMFSDMVLKDGFQPSRSIIFASWSAGDFGSVGATEWLEGYLSSLHLKAFTYINLDKAVLGTSNFKVSASPLLYTLIEKTMQNVKHPVTGQFLYQDSNWASKVEKLTLDNAAFPFLAYSGIPAVSFCFCEDTDYPYLGTTMDTYKELIERIPELNKVARAAAEVAGQFVIKLTHDVELNLDYERYNSQLLSFVRDLNQYRADIKEMGLSLQWLYSARGDFFRATSRLTTDFGNAEKTDRFVMKKLNDRVMRVEYHFLSPYVSPKESPFRHVFWGSGSHTLPALLENLKLRKQNNGAFNETLFRNQLALATWTIQGAANALSGDVWDILYWDDLKRKLSEKLDSTDFTSTIKLLNENSYVPREAGSQKDENLALYVENQFREFKLSKVWRDQHFVKIQVKDSAQNSVIIVDKNGRLVYLVENPGGYVAYSKAATVTGKLVHANFGTKKDFEDLYTPVNGSIVIVRAGKITFAEKVANAESLNAIGVLIYMDQTKFPIVNAELSFFGHAHLGTGDPYTPGFPSFNHTQFPPSRSSGLPNIPVQTISRAAAEKLFGNMEGDCPSDWKTDSTCRMVTSESKNVKLTVSNVLKEIKILNIFGVIKGFVEPDHYVVVGAQRDAWGPGAAKSGVGTALLLKLAQMFSDMVLKDGFQPSRSIIFASWSAGDFGSVGATEWLEGYLSSLHLKAFTYINLDKAVLGTSNFKVSASPLLYTLIEKTMQNVKHPVTGQFLYQDSNWASKVEKLTLDNAAFPFLAYSGIPAVSFCFCEDTDYPYLGTTMDTYKELIERIPELNKVARAAAEVAGQFVIKLTHDVELNLDYERYNSQLLSFVRDLNQYRADIKEMGLSLQWLYSARGDFFRATSRLTTDFGNAEKTDRFVMKKLNDRVMRVEYHFLSPYVSPKESPFRHVFWGSGSHTLPALLENLKLRKQNNGAFNETLFRNQLALATWTIQGAANALSGDVWDI,Affinity Benchmark v5.5
4,5CBA,9.430041181903404,QVQLVQSGAEVKKPGSSVKVSCKASGGTFSSYAISWVRQAPGQGLEWMGGIIPIFGTANYAQKFQGRVTITADESTSTAYMELSSLRSEDTAVYYCAREPDYYDSSGYYPIDAFDIWGQGTTVTVSSQSALTQPASVSASPGQSITISCTGTSSDVGAYDWVSWYQQHPGKAPKLLIFDVNNRPSGVSHRFSGSKSGNTASLTISGLQAEDEADYYCSSYTRRDTYVFGTGTKVTVLGE,RCRCVQESSVFIPRRFIDRIQILPRGNGCPRKEIIVWKKNKSIVCVDPQAEWIQRMMEVLR,Affinity Benchmark v5.5
5,1KXQ,8.455931955649724,QVQLVESGGGSVQAGGSLSLSCAASTYTDTVGWFRQAPGKEREGVAAIYRRTGYTYSADSVKGRFTLSQDNNKNTVYLQMNSLKPEDTGIYYCATGNSVRLASWEGYFYWGQGTQVTVSS,QYAPQTQSGRTSIVHLFEWRWVDIALECERYLGPKGFGGVQVSPPNENIVVTNPSRPWWERYQPVSYKLCTRSGNENEFRDMVTRCNNVGVRIYVDAVINHMCGSGAAAGTGTTCGSYCNPGSREFPAVPYSAWDFNDGKCKTASGGIESYNDPYQVRDCQLVGLLDLALEKDYVRSMIADYLNKLIDIGVAGFRIDASKHMWPGDIKAVLDKLHNLNTNWFPAGSRPFIFQEVIDLGGEAIKSSEYFGNGRVTEFKYGAKLGTVVRKWSGEKMSYLKNWGEGWGFMPSDRALVFVDNHDNQRGHGAGGSSILTFWDARLYKIAVGFMLAHPYGFTRVMSSYRWARNFVNGEDVNDWIGPPNNNGVIKEVTINADTTCGNDWVCEHRWREIRNMVWFRNVVDGQPFANWWDNGSNQVAFGRGNRGFIVFNNDDWQLSSTLQTGLPGGTYCDVISGDKVGNSCTGIKVYVSSDGTAQFSISNSAEDPFIAIHAESKL,Affinity Benchmark v5.5
6,5HYS,8.0,EVQLVESGGGLVQPGGSLRLSCAVSGYSITSGYSWNWIRQAPGKGLEWVASITYDGSTNYNPSVKGRITISRDDSKNTFYLQMNSLRAEDTAVYYCARGSHYFGHWHFAVWGQGTLVTVSSASTKGPSVFPLAPSSKSTSGGTAALGCLVKDYFPEPVTVSWNSGALTSGVHTFPAVLQSSGLYSLSSVVTVPSSSLGTQTYICNVNHKPSNTKVDKKVEPKDIQLTQSPSSLSASVGDRVTITCRASQSVDYDGDSYMNWYQQKPGKAPKLLIYAASYLESGVPSRFSGSGSGTDFTLTISSLQPEDFATYYCQQSHEDPYTFGQGTKVEIKRTVAAPSVFIFPPSDEQLKSGTASVVCLLNNFYPREAKVQWKVDNALQSGNSQESVTEQDSKDSTYSLSSTLTLSKADYEKHKVYACEVTHQGLSSPVTKSFNRGE,NPRCVSAYLSRPSPFDLFIRKSPTITCLVVDLAPSKGTVNLTWSRASGKPVNHSTRKEEKQRNGTLTVTSTLPVGTRDWIEGETYQCRVTHPHLPRALMRSTTKTSGPRAAPEVYAFATPEWPGSRDKRTLACLIQNFMPEDISVQWLHNEVQLPDARHSTTQPRKTKGSGFFVFSRLEVTRAEWEQKDEFICRAVHEAASPSQTVQRAVSVNPPRCVSAYLSRPSPFDLFIRKSPTITCLVVDLAPSKGTVNLTWSRASGKPVNHSTRKEEKQRNGTLTVTSTLPVGTRDWIEGETYQCRVTHPHLPRALMRSTTKTSGPRAAPEVYAFATPEWPGSRDKRTLACLIQNFMPEDISVQWLHNEVQLPDARHSTTQPRKTKGSGFFVFSRLEVTRAEWEQKDEFICRAVHEAASPSQTVQRAVSVNP,Affinity Benchmark v5.5
7,1ATN,8.698970004336019,DEDETTALVCDNGSGLVKAGFAGDDAPRAVFPSIVGRPRHQGVMVGMGQKDSYVGDEAQSKRGILTLKYPIEGIITNWDDMEKIWHHTFYNELRVAPEEHPTLLTEAPLNPKANREKMTQIMFETFNVPAMYVAIQAVLSLYASGRTTGIVLDSGDGVTHNVPIYEGYALPHAIMRLDLAGRDLTDYLMKILTERGYSFVTTAEREIVRDIKEKLCYVALDFENEMATAASSSSLEKSYELPDGQVITIGNERFRCPETLFQPSFIGMESAGIHETTYNSIMKCDIDIRKDLYANNVMSGGTTMYPGIADRMQKEITALAPSTMKIKIIAPPERKYSVWIGGSILASLSTFQQMWITKQEYDEAGPSIVHR,LKIAAFNIRTFGETKMSNATLASYIVRIVRRYDIVLIQEVRDSHLVAVGKLLDYLNQDDPNTYHYVVSEPLGRNSYKERYLFLFRPNKVSVLDTYQYDDGCCGNDSFSREPAVVKFSSHSTKVKEFAIVALHSAPSDAVAEINSLYDVYLDVQQKWHLNDVMLMGDFNADCSYVTSSQWSSIRLRTSSTFQWLIPDSADTTATSTNCAYDRIVVAGSLLQSSVVPGSAAPFDFQAAYGLSNEMALAISDHYPVEVTLT,Affinity Benchmark v5.5
8,1EER,11.431798275933003,APPRLICDSRVLERYLLEAKEAEKITTGCAEHCSLNEKITVPDTKVNFYAWKRMEVGQQAVEVWQGLALLSEAVLRGQALLVKSSQPWEPLQLHVDKAVSGLRSLTTLLRALGAQKEAISNSDAASAAPLRTITADTFRKLFRVYSNFLRGKLKLYTGEACRTGDR,DPKFESKAALLAARGPEELLCFTERLEDLVCFWEEAASAGVGPGQYSFSYQLEDEPWKLCRLHQAPTARGAVRFWCSLPTADTSSFVPLELRVTAASGAPRYHRVIHINEVVLLDAPVGLVARLADESGHVVLRWLPPPETPMTSHIRYEVDVSAGQGAGSVQRVEILEGRTECVLSNLRGRTRYTFAVRARMAEPSFGGFWSEWSEPVSLLTDPKFESKAALLAARGPEELLCFTERLEDLVCFWEEAASAGVGPGQYSFSYQLEDEPWKLCRLHQAPTARGAVRFWCSLPTADTSSFVPLELRVTAASGAPRYHRVIHINEVVLLDAPVGLVARLADESGHVVLRWLPPPETPMTSHIRYEVDVSAGQGAGSVQRVEILEGRTECVLSNLRGRTRYTFAVRARMAEPSFGGFWSEWSEPVSLLT,Affinity Benchmark v5.5
9,1KAC,7.823908740944319,TPYDPLTLWTTPDPPPNCSLIQELDAKLTLCLTKNGSIVNGIVSLVGVKGNLLNIQSTTTTVGVHLVFDEQGRLITSTPTALVPQASWGYRQGQSVSTNTVTNGLGFMPNVSAYPRPNASEAKSQMVSLTYLQGDTSKPITMKVAFNGITSLNGYSLTFMWSGLSNYINQPFSTPSCSFSYITQE,GITTPEEMIEKAKGETAYLPCKFTLSPEDQGPLDIEWLISPADNQKVDQVIILYSGDKIYDDYYPDLKGRVHFTSNDLKSGDASINVTNLQLSDIGTYQCKVKKAPGVANKKIHLVVLVKPSGA,Affinity Benchmark v5.5
10,1R6Q,6.481486060122113,MLNQELELSLNMAFARAREHRHEFMTVEHLLLALLSNPSAREALEACSVDLVALRQELEAFIEQTTPVLPASEEERDTQPTLSFQRVLQRAVFHVQSSGRNEVTGANVLVAIFSEQESQAAYLLRKHEVSRLDVVNFISHGT,WLDFDQLDALKPPSMYKVILVNDDYTPMEFVIDVLQKFFSYDVERATQLMLAVHYQGKAICGVFTAEVAETKVAMVNKYARENEHPLLCTLEKA,Affinity Benchmark v5.5
11,6CWG,10.0,QLAESGGGLVQAGGSLKLSCAASGRDFSMYMLAWFRQAPGKEREFVAAIMCSGGGGGTYYADSMQGRFTISRDNAKKTVALQMNSLKPEDTAVYYCAASTTYCSATTYSSDRLYDFWGQGTQVTVSS,QYPIINFTTAGATVQSYTNFIRAVRGRLTTGADVRHEIPVLPNRVGLPINQRFILVELSNHAELSVTLALDVTNAYVVGYRAGNSAYFFHPDNQEDAEAITHLFTDVQNRYTFAFGGNYDRLEQLAGNLRENIELGNGPLEEAISALYYYSTGTQLPTLARSFIICIQMISEAARFQYIEGEMRTRIRYNRRSAPDPSVITLENSWGRLSTAIQESNQGAFASPIQLQRRNGSKFSVYDVSILIPIIALMVYRCAPPPSSQF,Affinity Benchmark v5.5
12,6DBG,9.82390874094432,VKLEESGGGSVQAGGSLRLSCAASGHTYSTYCMGWFRQEREGVARINVGGSSTWYADSVRDRFTISQDNAKNTVYLQMNSLKLEDTAIYYCTLHRFCNTWSLGTLNVWGQGTQVTVSS,ETITVPTPIKQIFSDDAFAETIKDNLKKKSVTDAVTQNELNSIDQIIANNSDIKSVQGIQYLPNVTKLFLNGNKLTDIKPLANLKNLGWLFLDENKVKDLSSLKDLKKLKSLSLEHNGISDINGLVHLPQLESLYLGNNKITDITVLSRLTKLDTLSLEDNQISDIVPLAGLTKLQNLYLSKNHISDLRALAGLKNLDVLELFSQECLNKPINHQSNLVVPNTVKNTDGSLVTPEIISDDGDYEKPNVKWHLPEFTNEVSFIFYQPVTIGKAKARFHGRVTQPLKE,Affinity Benchmark v5.5
13,1FSK,9.619788758288394,NIVLTQSPKSMSVSVGERVTLSCKASENVDTYVFWFQQKPDQSPKLLLYGPSNRYTGVPDRFTGSGSTTDFTLTISSVQAEDLADYHCGQSYSYPYTFGGGTKLEIKRADAAPTVSIFPPSSEQLTSGGASVVCFLNNFYPKDINVKWKIDGSERQNGVLNSWTDQDSKDSTYSMSSTLTLTKDEYERHNSYTCEATHKTSTSPIVKSFNRNECQVQLQQPGTELVRPGASVILSCKASGYTFTSYWINWVKQRPGQGLEWVGNIFPSDSYTNYNQKFKDKATLTVDKSSSTAYMQVNSPTSEDSAVYYCTRGARDTWFAYWGQGTLVTVSVAKTTPPSVFPLAPGSAAQTNSMVTLGCLVKGYFPEPVTVTWNSGSLSSGVHTFPAVLQSDLYTLSSSVTVPSSTWPSETVTCNVAHPASSTKVDKKIVPRDC,GVFNYETETTSVIPAARLFKAFILDGDNLFPKVAPQAISSVENIEGNGGPGTIKKISFPEGLPFKYVKDRVDEVDHTNFKYNYSVIEGGPIGDTLEKISNEIKIVATPDGGSILKISNKYHTKGDHEVKAEQVKASKEMGETLLRAVESYLLAHSDAYN,Affinity Benchmark v5.5
14,1AKJ,3.886056647693163,GSHSMRYFFTSVSRPGRGEPRFIAVGYVDDTQFVRFDSDAASQRMEPRAPWIEQEGPEYWDGETRKVKAHSQTHRVDLGTLRGYYNQSEAGSHTVQRMYGCDVGSDWRFLRGYHQYAYDGKDYIALKEDLRSWTAADMAAQTTKHKWEAAHVAEQLRAYLEGTCVEWLRRYLENGKETLQRTDAPKTHMTHHAVSDHEATLRCWALSFYPAEITLTWQRDGEDQTQDTELVETRPAGDGTFQKWAAVVVPSGQEQRYTCHVQHEGLPKPLTLRWEPQRTPKIQVYSRHPAENGKSNFLNCYVSGFHPSDIEVDLLKNGERIEKVEHSDLSFSKDWSFYLLYYTEFTPTEKDEYACRVNHVTLSQPKIVKWDRDM,SQFRVSPLDRTWNLGETVELKCQVLLSNPTSGCSWLFQPRGAAASPTFLLYLSQNKPKAAEGLDTQRFSGKRLGDTFVLTLSDFRRENEGYYFCSALSNSIMYFSHFVPVFLPASQFRVSPLDRTWNLGETVELKCQVLLSNPTSGCSWLFQPRGAAASPTFLLYLSQNKPKAAEGLDTQRFSGKRLGDTFVLTLSDFRRENEGYYFCSALSNSIMYFSHFVPVFLPA,Affinity Benchmark v5.5
15,1R0R,10.537602002101044,AQTVPYGIPLIKADKVQAQGFKGANVKVAVLDTGIQASHPDLNVVGGASFVAGEAYNTDGNGHGTHVAGTVAALDNTTGVLGVAPSVSLYAVKVLNSSGSGSYSGIVSGIEWATTNGMDVINMSLGGASGSTAMKQAVDNAYARGVVVVAAAGNSGNSGSTNTIGYPAKYDSVIAVGAVDSNSNRASFSSVGAELEVMAPGAGVYSTYPTNTYATLNGTSMASPHVAGAAALILSKHPNLSASQVRNRLSSTATYLGSSFYYGKGLINVEAAAQ,VDCSEYPKPACTLEYRPLCGSDNKTYGNKCNFCNAVVESNGTLTLSHFGKC,Affinity Benchmark v5.5
16,5O14,10.721246399047171,EVQLVQSGAELKKPGESLKISCKASGYTFTNYWVVWVRQMPGEGLEWMGSIHPRDSDARYSLSFEGRVTFSVDKSTTTAYLQWSSLKVSDSAIYYCARLSQVSGWSPWVGPWGQGTLVTVSSASTKGPSVFPLAPSSKSTGGTAALGCLVKDYFPEPVTVSWNSGALTSGVHTFPAVLQSSGLYSLSSVVTVPSSSLGTQTYICNVNHKPSNTKVDKKVEPDIVMTQSPSSLSASVGDRVTITCRASQSISVSLNWYQQKPGKAPKVLIYAASRLQSGIPSRFSGSGSGSHFTLTISSLQPEDFATYYCQETYSDLMYTFGQGTKVEIKRTVAAPSVFIFPPSDEQLKSGTASVVCLLNNFYPREAKVQWKVDNALQSGNSQESVTEQDSKDSTYSLSSTLTLSKADYEKHKVYACEVTHQGLSSPVTKSFNR,AGLADALTAPLDHKDKGLQSLTLDQSVRKNEKLKLAAQGAEKTYGNGDSLNTGKLKNDKVSRFDFIRQIITLESGEFQVYKQSHSALTAFQTEQIQMVAKRQFRIGDIAGEHTSFDKLPEGGRATYRGTAFGSDDAGGKLTYTIDFAAKQGNGKIEHLKSPELNVDLAAADIKPDGKRHAVISGSVLYNQAEKGSYSLGIFGGKAQEVAGSAEVKTVNGIRHIGLAAKQ,Affinity Benchmark v5.5
17,1J2J,5.958607314841775,GSMRILMVGLDAAGKTTILYKLKLGEIVTTIPTIGFNVETVEYKNISFTVWDVGGLDKIRPLWRHYFQNTQGLIFVVDSNDRERVNEAREELMRMLAEDELRDAVLLVFANKQDLPNAMNAAEITDKLGLHSLRHRNWYIQATCATSGDGLYEGLDWLSNQLRNQ,IFEDEEKSKMLARLLKSSHPEDLRAANKLIKEMVQEDQKRM,Affinity Benchmark v5.5
18,1GRN,6.619788758288394,MQTIKCVVVGDGAVGKTCLLISYTTNKFPSEYVPTVFDNYAVTVMIGGEPYTLGLFDTAGQEDYDRLRPLSYPQTDVFLVCFSVVSPSSFENVKEKWVPEITHHCPKTPFLLVGTQIDLRDDPSTIEKLAKNKQKPITPETAEKLARDLKAVKYVECSALTQKGLKNVFDEAILAALEPPEPKKSRRCVLL,LPNQQFGVSLQHLQEKNPEQEPIPIVLRETVAYLQAHALTTEGIFRRSANTQVVREVQQKYNMGLPVDFDQYNELHLPAVILKTFLRELPEPLLTFDLYPHVVGFLNIDESQRVPATLQVLQTLPEENYQVLRFLTAFLVQISAHSDQNKMTNTNLAVVFGPNLLWAKDAAITLKAINPINTFTKFLLDHQGELFPS,Affinity Benchmark v5.5
19,3BP8,8.387216143280265,DQIKQTNAGAVYRLIDQLGPVSRIDLSRLAQLAPASITKIVREMLEAHLVQELEVGLVVETEAWHYLSLRISRGEIFLALRDLSSKLVVEESQELALKDDSPLLDRIISHIDQFFIRHQKKLERLTSIAITLPGIIDTENGIVHRMPFYEDVKEMPLGEALEQHTGVPVYIQHDISAWTMAEALFGASRGARDVIQVVIDHNVGAGVITDGHLLHAGSSSLVEIGHTQVDPYGKRCYCGNHGCLETIASVDSILELAQLRLNQSMHGQPLTVDSLCQAALRGDLLAKDIITGVGAHVGRILAIMVNLFNPQKILIGSPLSKAADILFPVISDSIRQQALPAYSQHISVESTQFSNQGTMAGAALVKDAMYNGSLLIRLLQGQIKQTNAGAVYRLIDQLGPVSRIDLSRLAQLAPASITKIVREMLEAHLVQELVGLVVETEAWHYLSLRISRGEIFLALRDLSSKLVVEESQELALKDDSPLLDRIISHIDQFFIRHQKKLERLTSIAITLPGIIDTENGIVHRMPFYEDVKEMPLGEALEQHTGVPVYIQHDISAWTMAEALFGASRGARDVIQVVIDHNVGAGVITDGHLLHAGSSSLVEIGHTQVDPYGKRCYCGNHGCLETIASVDSILELAQLRLNQSMSSMLHGQPLTVDSLCQAALRGDLLAKDIITGVGAHVGRILAIMVNLFNPQKILIGSPLSKAADILFPVISDSIRQQALPAYSQHISVESTQFSNMAGAALVKDAMYNGSLLIRLLQG,MAPALVAAFGGKENITNLDACITRLRVSVADVSKVDQAGLKKLGAAGVVVAGSGVQAIFGTKSDNLKTEMDEYIR,Affinity Benchmark v5.5
20,4HX3,5.221848749616356,SAHGPSAMVFTVIQGSGEPTDTVLRATTLSCAYTAEGTHPAPRAACDALNATDGELNRLLAAPDPSLVCPMYFDPVTVTADGVLNGRRVAWKHTFSNTCVMSANLNSNPVYAFSAHGPSAMVFTVIQGSGEPTDTVLRATTLSCAYTAEGTHPAPRAACDALNATDGELNRLLAALVCPMYFDPVTVTADGVLNGRRVAWKHTFSNTCVMSANLNSNPVYAF,GPMVTVTYDPSNAPSFQQEIANAAQIWNSSVRNVQLRAGGNADFSYYEGNDSRGSYAQTDGHGRGYIFLDYQQNQQYDSTRVTAHETGHVLGLPDHYQGPCSELMSGGGPGPSCTNPYPNAQERSRVNALWANG,Affinity Benchmark v5.5
21,2SNI,11.69897000433602,AQSVPYGVSQIKAPALHSQGYTGSNVKVAVIDSGIDSSHPDLKVAGGASMVPSETNPFQDNNSHGTHVAGTVAALNNSIGVLGVAPSASLYAVKVLGADGSGQYSWIINGIEWAIANNMDVINMSLGGPSGSAALKAAVDKAVASGVVVVAAAGNEGTSGSSSTVGYPGKYPSVIAVGAVDSSNQRASFSSVGPELDVMAPGVSIQSTLPGNKYGAYNGTSMASPHVAGAAALILSKHPNWTNTQVRSSLQNTTTKLGDSFYYGKGLINVQAAAQ,LKTEWPELVGKSVEEAKKVILQDKPEAQIIVLPVGTIVTMEYRIDRVRLFVDKLDNIAEVPRVG,Affinity Benchmark v5.5
22,3U7Y,6.795880017344075,VRLSQSGGQMKKPGESMRLSCRASGYEFLNCPINWIRLAPGRRPEWMGWLKPRGGAVNYARKFQGRVTMTRDVYSDTAFLELRSLTSDDTAVYFCTRGKYCTARDYYNWDFEHWGRGAPVTVSSASTKGPSVFPLAPSSGGTAALGCLVKDYFPEPVTVSWNSGALTSGVHTFPAVLQSSGLYSLSSVVTVPSSSLGTQTYICNVNHKPSNTKVDKRVEPKVLTQSPATLSLSPGETAIISCRTSQSGSLAWYQQRPGQAPRLVIYSGSTRAAGIPDRFSGSRWGADYNLSISNLESGDFGVYYCQQYEFFGQGTKVQVDIKRTVAAPSVFIFPPSDEQLKSGTASVVCLLNNFYPREAKVQWKVDNALQSGNSQESVTEQDSKDSTYSLSSTLTLSKADYEKHKVYACEVTHQGLSSPVTKSFNRGEC,VWKDADTTLFCASDAKAHETECHNVWATHACVPTDPNPQEIHLENVTENFNMWKNNMVEQMQEDVISLWDQCLQPCVKLTGGSVIKQACPKISFDPIPIHYCTPAGYVILKCNDKNFNGTGPCKNVSSVQCTHGIKPVVSTQLLLNGSLAEEEIIIRSENLTNNAKTIIVHLNKSVEINCTRPSNDIRKAYCEINGTKWNKVLKQVTEKLKEHFNNKTIIFQPPSGGDLEITMHHFNCRGEFFYCNTTQLFNNTCIGCNGTITLPCKIKQIINMWQGTGQAMYAPPIDGKINCVSNITGILLTRDGGANNTSNETFRPGGGNIKDNWRSELYKYKVVQIE,Affinity Benchmark v5.5
23,1JTD,10.5654310959658,VAATSVVAWGGNNDWGEATVPAEAQSGVDAIAGGYFHGLALKGGKVLGWGANLNGQLTMPAATQSGVDAIAAGNYHSLALKDGEVIAWGGNEDGQTTVPAEARSGVDAIAAGAWASYALKDGKVIAWGDDSDGQTTVPAEAQSGVTALDGGVYTALAVKNGGVIAWGDNYFGQTTVPAEAQSGVDDVAGGIFHSLALKDGKVIAWGDNRYKQTTVPTEALSGVSAIASGEWYSLALKNGKVIAWGSSRTAPSSVQSGVSSIEAGPNAAYALKG,PETLVKVKDAEDQLGARVGYIELDLNSGKILESFRPEERFPMMSTFKVLLCGAVLSRVDAGQEQLGRRIHYSQNDLVEYSPVTEKHLTDGMTVRELCSAAITMSDNTAANLLLTTIGGPKELTAFLHNMGDHVTRLDRWEPELNEAIPNDERDTTMPVAMATTLRKLLTGELLTLASRQQLIDWMEADKVAGPLLRSALPAGWFIADKSGAGERGSRGIIAALGPDGKPSRIVVIYTTGSQATMDERNRQIAEIGASLIKHW,Affinity Benchmark v5.5
24,1UUG,13.0,LTWHDVLAEEKQQPYFLNTLQTVASERQSGVTIYPPQKDVFNAFRFTELGDVKVVILGQDPYHGPGQAHGLAFSVRPGIAIPPSLLNMYKELENTIPGFTRPNHGYLESWARQGVLLLNTVLTVRAGQAHSHASLGWETFTDKVISLINQHREGVVFLLWGSHAQKKGAIIDKQRHHVLKAPHPSPLSAHRGFFGCNHFVLANQWLEQRGETPIDWMPVLPA,NLSDIIEKETGKQLVIQESILMLPEEVEEVIGNKPESDILVHTAYDESTDENVMLLTSDAPEYKPWALVIQDSNGENKIKML,Affinity Benchmark v5.5
25,4M5Z,8.0,EVQLVESGPGLVKPSDILSLTCAVSGYSISSNYYWGWIRQPPGKGLEWIGSIYHSGSTYYKPSLESRLGISVDTSKNQFSLKLSFVSAADTAVYYCARHVRSGYPDTAYYFDKWGQGTLVTVSSASTKGPSVFPLAPSGTAALGCLVKDYFPEPVTVSWNSGALTSGVHTFPAVLQSSGLYSLSSVVTVPSSSLGTQTYICNVNHKPSNTKVDKRVEPKSSYVLTQPPSVSVAPGETARISCGGNNIGTKVLHWYQQTPGQAPVLVVYDDSDRPSGIPERFSGSNSGNTATLTISRVEVGDEADYYCQVWDISTDQAVFGGGTKLTVLGQPKAAPSVTLFPPSSEELQANKATLVCLISDFYPGAVTVAWKADSSPVKAGVETTTPSKQSNNKYAASSYLSLTPEQWKSHRSYSCQVTHEGSTVEKTVAPTE,GVAPLHLGKCNIAGWILGNPECETASSWSYIVETSDNGTCYPGDFIDYEELREQLSSVSSFERFEIFPKTSSWPNHDSNKGVTAACPHAGAKSFYKNLIWLVKKGNSYPKLSKSYINDKGKEVLVLWGIHHPSTSADQQSLYQNADAYVFVGSSRYSKKFKPEIAIRPKVRDQEGRMNYYWTLVEPGDKITFEATGNLVVPRYAFAMERN,Affinity Benchmark v5.5
26,1IJK,7.638272163982407,PPLHDFYCSRLLDLVFLLDGSSRLSEAEFEVLKAFVVDMMERLRVSQKWVRVAVVEYHDGSHAYIGLKDRKRPSELRRIASQVKYAGSQVASTSEVLKYTLFQIFSKIDRPEASRIALLLMASQEPQRMSRNFVRYVQGLKKKKVIVIPVGIGPHANLKQIRLIEKQAPENKAFVLSSVDELEQQRDEIVSYLCDLAPE,DCPSGWSSYEGNCYKFFQQKMNWADAERFCSEQAKGGHLVSIKIYSKEKDFVGDLVTKNIQSSDLYAWIGLRVENKEKQCSSEWSDGSSVSYENVVERTVKKCFALEKDLGFVLWINLYCAQKNPFVCKSPPPDCPPDWSSYEGHCYRFFKEWMHWDDAEEFCTEQQTGAHLVSFQSKEEADFVRSLGDVVWIGLSDVWNKCRFEWTDGMEFDYDDYYLIAEYECVASKPTNNKWWIIPCTRFKNFVCEFQA,Affinity Benchmark v5.5
27,1HCF,9.585026652029182,GVSETAPASRRGELAVCDAVSGWVTDRRTAVDLRGREVEVLGEVPAAGGSPLRQYFFETRCKADPGAGGGGCRGVDRRHWVSECKAKQSYVRALTADAQGRVGWRWIRIDTACVCTLLSRTTAPASRRGELAVCDAVSGWVTDRRTAVDLRGREVEVLGEVPAASPLRQYFFETRCKADAEEGGPGAGGGGCRGVDRRHWVSECKAKQSYVRALTADAQGRVGWRWIRIDTACVCTLLSRTG,SHMAPTITFLESPTSDHHWCIPFTVKGNPKPALQWFYNGAILNESKYICTKIHVTNHTEYHGCLQLDNPTHMNNGDYTLIAKNEYGKDEKQISAHFMGWPG,Affinity Benchmark v5.5
28,1M10,8.236572006437063,HDFYCSRLLDLVFLLDGSSRLSEAEFEVLKAFVVDMMEQLRISQKWVRVAVVEYHDGSHAYIGLKDRKRPSELRRIASQVKYAGSQVASTSEVLKYTLFQIFSKIDRPEASRIALLLMASQEPQRMSRNFVRYVQGLKKKKVIVIPVGIGPHANLKQIRLIEKQAPENKAFVLSSVDELEQQRDEIVSYLCDLAPEAPP,HPICEVSKVASHLEVNCDKRQLTALPPDLPKDTTILHLSENLLYTFSLATLMPYTRLTQLNLDRCELTKLQVDGTLPVLGTLDLSHNQLQSLPLLGQTLPALTVLDVSFNRLTSLPLGALRGLGELQELYLKGNELKTLPPGLLTPTPKLEKLSLANNQLTELPAGLLNGLENLDTLLLQENSLYTIPKGFFGSHLLPFAFLHGNPWLCNCEILYFRRWLQDNAENVYVWKQGVDVKAVTSNVASVQCDNSDKFPVYKYPGKGCPTL,Affinity Benchmark v5.5
29,1AVX,9.318758762624412,IVGGYTCAANSIPYQVSLNSGSHFCGGSLINSQWVVSAAHCYKSRIQVRLGEHNIDVLEGNEQFINAAKIITHPNFNGNTLDNDIMLIKLSSPATLNSRVATVSLPRSCAAAGTECLISGWGNTKSSGSSYPSLLQCLKAPVLSDSSCKSSYPGQITGNMICVGFLEGGKDSCQGDSGGPVVCNGQLQGIVSWGYGCAQKNKPGVYTKVCNYVNWIQQTIAAN,DFVLDNEGNPLENGGTYYILSDITAFGGIRAAPTGNERCPLTVVQSRNELDKGIGTIISSPYRIRFIAEGHPLSLKFDSFAVIMLCVGIPTEWSVVEDLPEGPAVKIGENKDAMDGWFRLERVSDDEFNNYKLVFCPQKCGDIGISIDHDDGTRRLVVSKNKPLVVQFQKLD,Affinity Benchmark v5.5
30,1WEJ,9.148741651280924,EVQLQQSGAELVKPGASVKLSCTASGFNIKDTYMHWVKQRPEKGLEWIGRIDPASGNTKYDPKFQDKATITADTSSNTAYLQLSSLTSEDTAVYYCAGYDYGNFDYWGQGTTLTVSSAETTPPSVYPLAPGTAALKSSMVTLGCLVKGYFPEPVTVTWNSGSLSSGVHTFPAVLQSDLYTLTSSVTVPSSTWPSQTVTCNVAHPASSTKVDKKIVPRNCGGDCDIQMTQSPASLSASVGETVTITCRASGNIHNYLAWYQQKQGKSPQLLVYNAKTLADGVPSRFSGSGSGTQYSLKINSLQPEDFGSYYCQHFWSTPWTFGGGTKLEIKRADAAPTVSIFPPSSEQLTSGGASVVCFLNNFYPKDINVKWKIDGSERQNGVLNSWTDQDSKDSTYSMSSTLTLTKDEYERHNSYTCEATHKTSTSPIVKSFNRNEC,GDVEKGKKIFVQKCAQCHTVEKGGKHKTGPNLHGLFGRKTGQAPGFTYTDANKNKGITWKEETLMEYLENPKKYIPGTKMIFAGIKKKTEREDLIAYLKKATNE,Affinity Benchmark v5.5
31,4FP8,6.366531544420414,VQLQESGGGLVQPGESLRLSCVGSGSSFGESTLSYYAVSWVRQAPGKGLEWLSIINAGGGDIDYADSVEGRFTISRDNSKETLYLQMTNLRVEDTGVYYCAKHMSMQQVVSAGWERADLVGDAFDVWGQGTMVTVSSASTKGPSVFPLAPSSKSTSGGTAALGCLVKDYFPEPVTVSWNSGALTSGVHTFPAVLQSSGLYSLSSVVTVPSSSLGTQTYICNVNHKPSNTKVDKRVEPKDIQLTQSPSSLSASVGDRVTLTCQASQDIRKFLNWYQQKPGKGPKLLIYDASNLQRGVPSRFSGGGSGTDFTLIISSLQPEDVGTYYCQQYDGLPFTFGGGTKVVIKRTVAAPSVFIFPPSDEQLKSGTASVVCLLNNFYPREAKVQWKVDNALQSGNSQESVTEQDSKDSTYSLSSTLTLSKADYEKHKVYACEVTHQGLSSPVTKSFNRGE,VQSSSTGKICNNPHRILDGIDCTLIDALLGDPHCDVFQNETWDLFVERSKAFSNCYPYDVPDYASLRSLVASSGTLEFITEGFTWTGVTQNGGSNACKRGPGSGFFSRLNWLTKSGSTYPVLNVTMPNNDNFDKLYIWGVHHPSTNQEQTSLYVQASGRVTVSTRRSQQTIIPNIGSRPWVRGLSSRISIYWTIVKPGDVLVINSNGNLIAPRGYFKMRTGKSSIMRSDAPIDTCISECITPNGSIPNDKPFQNVNKITYGACPKYV,Affinity Benchmark v5.5
32,1M27,5.462180904926726,MDAVAVYHGKISRETGEKLLLATGLDGSYLLRDSESVPGVYCLCVLYHGYIYTYRVSQTETGSWSAETAPGVHKRYFRKIKNLISAFQKPDQGIVIPLQYPVEKKSLTIYAQVQK,VTLFVALYDYEARTEDDLSFHKGEKFQILNSSEGDWWEARSLTTGETGYIPSNYVAPVDSI,Affinity Benchmark v5.5
33,2I25,9.0,RVDQTPQRITKETGESLTINCVVRDSRCVLSTGYWYRKPPGSRNEESISDGGRYVETVNRGSKSFSLRINDLTVKDSGTYRCKPESRYGSYDAVCAALNDQYGGGTVVTVNAAA,KVFGRCELAAAMKRHGLDNYRGYSLGNWVCAAKFESNFNTQATNRNTDGSTDYGILQINSRWWCNDGRTPGSRNLCNIPCSALLSSDITASVNCAKKIVSDGNGMNAWVAWRNRCKGTDVQAWIRGCRL,Affinity Benchmark v5.5
34,1NVU,5.443697499232713,MTEYKLVVVGAGGVGKSALTIQLIQNHFVDEYDPTIEDSYRKQVVIDGETCLLDILDTGGQEEYSAMRDQYMRTGEGFLCVFAINNTKSFEDIHQYREQIKRVKDSDDVPMVLVGNKCDLAARTVESRQAQDLARSYGIPYIETSAKTRQGVEDAFYTLVREIRQH,QMRLPSADVYRFAEPDSEENIIFEEGIPIIKAGTVIKLIERLTYHMYADPNFVRTFLTTYRSFCKPQELLSLIIERFEIPEPEPTEADRIAIENGDQPLSAELKRFRKEYIQPVQLRVLNVCRHWVEHHFYDFERDAYLLQRMEEFIGTVRGKAMKKWVESITKIIQRKKIAHNITFQSSPPTVEWHISRPGHIETFDLLTLHPIEIARQLTLLESDLYRAVQPSELVGSVWTKEDKEINSPNLLKMIRHTTNLTLWFEKCIVETENLEERVAVVSRIIEILQVFQELNNFNGVLEVVSAMNSSPVYRLDHTFEQIPSRQKKILEEAHELSEDHYKKYLAKLRSINPPCVPFFGIYLTNILKTEEGNPEVLKRHGKELINFSKRRKVAEITGEIQQYQNQPYCLRVESDIKRFFENLNPMGNSMEKEFTDYLFNKSLEIEPRNPKPLPRFPKKYSYPLKSPGVRPSNPR,Affinity Benchmark v5.5
35,1NVU,5.721246399047171,MTEYKLVVVGAGGVGKSALTIQLIQNHFVDEYDPTIEDSYRKQVVIDGETCLLDILDTGGQEEYSAMRDQYMRTGEGFLCVFAINNTKSFEDIHQYREQIKRVKDSDDVPMVLVGNKCDLAARTVESRQAQDLARSYGIPYIETSAKTRQGVEDAFYTLVREIRQH,QMRLPSADVYRFAEPDSEENIIFEEGIPIIKAGTVIKLIERLTYHMYADPNFVRTFLTTYRSFCKPQELLSLIIERFEIPEPEPTEADRIAIENGDQPLSAELKRFRKEYIQPVQLRVLNVCRHWVEHHFYDFERDAYLLQRMEEFIGTVRGKAMKKWVESITKIIQRKKIAHNITFQSSPPTVEWHISRPGHIETFDLLTLHPIEIARQLTLLESDLYRAVQPSELVGSVWTKEDKEINSPNLLKMIRHTTNLTLWFEKCIVETENLEERVAVVSRIIEILQVFQELNNFNGVLEVVSAMNSSPVYRLDHTFEQIPSRQKKILEEAHELSEDHYKKYLAKLRSINPPCVPFFGIYLTNILKTEEGNPEVLKRHGKELINFSKRRKVAEITGEIQQYQNQPYCLRVESDIKRFFENLNPMGNSMEKEFTDYLFNKSLEIEPRNPKPLPRFPKKYSYPLKSPGVRPSNPR,Affinity Benchmark v5.5
36,1ZHI,6.698970004336019,GWEIITTDEQGNIIDGGTEHYLKRSSDGIKLGRGDSVVMHNEAAGTYSVYMIQELRLNTLNNVVELWALTYLRWFEVNPLAHYRQFNPDANILNRPLNYYNKLFSETANKNELYLTAELAELQLFNFIRVANVMDGSKWEVLKGNVDPERDFTVRYICEPTGEKFVDINIEDVKAYIKKVEPREAQEYLKDLTLP,EEYVSPRFLVADGFLIDLAEEKPINPKDPRLLTLLKDHQRAMIDQMNLVKWNDFKKYQDPIPLKAKTLFKFCKQIKKKFLRGADFKLHTLPTEANLKYEPERMTVLASCVPILLDDQTVQYLYDD,Affinity Benchmark v5.5
37,3PC8,6.991399828238082,MPELPDFFEGKHFFLYGEFPGDERRRLIRYVTAFNGELEDRMNERVQFVITAQEWDPNFEEALMENPSLAFVRPRWIYSCNEKQKLLPHQLYGVVPQ,VLLDIFTGVRLYLPPSTPDFSRLRRYFVAFDGDLVQEFDMTSATHVLGSRDKNPAAQQVSPEWIWACIRKRRLVAPS,Affinity Benchmark v5.5
38,5KOV,8.7281583934635,DVQLKQSGPGLVQPSQSLSITCTVSGFSLIDYGVHWVRQSPGKGLEWLGVIWTGGSTDYNAAFISRLTISKDNSKSQVFFKMNSLQANDTGIYYCGRPYYGNVMDYWGQGTSVTVDIQMTQTTSSLSASLGDRVTISCRASQDISNYLNWYQQKPDGTVKLLIYYTSRLHSGVPSRFSGSGSGTDYSLTISNLEQEDIATYFCQQGNTFPPTFGGGTKLEIKR,GELRVLLTVGSIMSPNSADRQVWLNKTLTAPGTNSNDNLVKIAHDLGHYLIMQGFMHIKTVEWYTPDFQPSRDPTPIAGMSVMVNITKKADVYFMKQFKNSYTNNRHQITSIFLIKPLADFKVQCYMSYFKRESHDNDGVANLTVRSMTSPETIRFQVGEWYLLTSTTLKENNLPEGWVWDRVELKSDTPYYADQALTYFITPPPVDSQILFEGNTELRVLLTVGSIMSPNSADRQVWLNKTLTAPGTNSNDNLVKIAHDLGHYLIMQGFMHIKTVEWYTPDFQPSRDPTPIAGMSVMVNITKKADVYFMKQFKNSYTNNRHQITSIFLIKPLADFKVQCYMSYFKRESHDNDGVANLTVRSMTSPETIRFQVGEWYLLTSTTLKENNLPEGWVWDRVELKSDTPYYADQALTYFITPPPVDSQILFEGNTAAA,Affinity Benchmark v5.5
39,2OZA,8.602059991327963,PTFYRQELNKTIWEVPERYQNLSPVGSGAYGSVCAAFDTKTGHRVAVKKLSRPFQSIIHAKRTYRELRLLKHMKHENVIGLLDVFTPARSLEEFNDVYLVTHLMGADLNNIVKCQKLTDDHVQFLIYQILRGLKYIHSADIIHRDLKPSNLAVNEDCELKILDFGLAGYVATRWYRAPEIMLNWMHYNQTVDIWSVGCIMAELLTGRTLFPGTDHIDQLKLILRLVGTPGAELLKKISSESARNYIQSLAQMPKMNFANVFIGANPLAVDLLEKMLVLDSDKRITAAQALAHAYFAQYHDPDDEPVADPYDQSFESRDLLIDEWKSLTYDEVISFVPPPL,GLQIKKNAIIDDYKVTSQVLGLGINGKVLQIFNKRTQEKFALKMLQDCPKARREVELHWRASQCPHIVRIVDVYENLYAGRKCLLIVMECLDGGELFSRIQDRGDQAFTEREASEIMKSIGEAIQYLHSINIAHRDVKPENLLYTSKRPNAILKLTDFGFAKETTSHNSLTTPCYTPYYVAPEVLGPEKYDKSCDMWSLGVIMYILLCGYPPFYSNHGLRIRMGQYEFPNPEWSEVSEEVKMLIRNLLKTEPTQRMTITEFMNHPWIMQSTKVPQTPLHTSRVLKEDKERWEDVKEEMTSALATMRVDYEQIKIKKIEDASNPLLLKRRKKA,Affinity Benchmark v5.5
40,2X9A,5.356547323513812,SGADINNYAGQIKSAIESKFYDASSYAGKTCTLRIKLAPDGMLLDIKPEGGDPALCQAALAAAKLAKIPKPPSQAVYEVFKNAPLDFKPA,TTDAECLSKPAFDGTLSNVWKEGDSRYANFENCIYELSGIGIGYDNDTSWNGHWTPVRAAD,Affinity Benchmark v5.5
41,1FFW,5.853871964321762,ADKELKFLVVDDFSTMRRIVRNLLKELGFNNVEEAEDGVDALNKLQAGGYGFVISDWNMPNMDGLELLKTIRADGAMSALPVLMVTAEAKKENIIAAAQAGASGYVVKPFTAATLEEKLNKIFEKLGM,ARRIILSRLKAGEVDLLEEELGHLTTLTDVVKGADSLSAILPGDIAEDDITAVLCFVIEADQITFETV,Affinity Benchmark v5.5
42,3BZD,7.017728766960432,AAVTQSPRNKVAVTGEKVTLSCQQTNNHNNMYWYRQDTGHGLRLIHYSYGAGSTEKGDIPDGYKASRPSQEQFSLILESATPSQTSVYFCASGGGGTLYFGAGTRLSVL,SQPDPMPDDLHKSSEFTGTMGNMKYLYDDHYVSATKVKSVDKFLAHDLIYNISDKKLKNYDKVKTELLNEDLAKKYKDEVVDVYGSNYYVNCYFSSKDNVWWHGKTCMYGGITKHEGNHFDNGNLQNVLVRVYENKRNTISFEVQTDKKSVTAQELDIKARNFLINKKNLYEFNSSPYETGYIKFIENNGNTFWYDMMPAPGDKFDQSKYLMMYNDNKTVDSKSVKIEVHLTTK,Affinity Benchmark v5.5
43,1EZU,10.096910013008056,IVGGYTCQENSVPYQVSLNSGYHFCGGSLINDQWVVSAAHCYKSRIQVRLGEHNINVLEGDEQFVNAAKIIKHPNFDRKTLNNNIMLIKLSSPVKLNARVATVALPSSCAPAGTQCLISGWGNTLSSGVNEPDLLQCLDAPLLPQADCEASYPGKITDNMVCVGFLEGGKDSCQGDSGGPVVCNGELQGIVSWGYGCALPDNPGVYTKVCNYVDWIQDTIAAN,SVQPLEKIAPYPQAEKGMKRQVIQLTPQEDESTLKVELLIGQTLEVDCNLHRLGGKLENKTLEGWGFPYYVFDKVSSPVSTMMACPDGKKEKKFVTAYLGDAGMLRYNSKLPIVVYTPDNVDVKYRVWKAEEKIDNAVVRSVQPLEKIAPYPQAEKGMKRQVIQLTPQEDESTLKVELLIGQTLEVDCNLHRLGGKLENKTLEGWGFPYYVFDKVSSPVSTMMACPDGKKEKKFVTAYLGDAGMLRYNSKLPIVVYTPDNVDVKYRVWKAEEKIDNAVVR,Affinity Benchmark v5.5
44,1I2M,11.602059991327964,QVQFKLVLVGDGGTGKTTFVKRHLKKYVATLGVEVHPLVFHTNRGPIKFNVWDTAGQEKFGGLRDGYYIQAQCAIIMFDVTSRVTYKNVPNWHRDLVRVCENIPIVLCGNKVDIKDRKVKAKSIVFHRKKNLQYYDISAKSNYNFEKPFLWLARKLIGDPNLEFV,KVSHRSHSTEPGLVLTLGQGDVGQLGLGENVMERKKPALVSIPEDVVQAEAGGMHTVCLSKSGQVYSFGCNDEGALGRDTSVEGSEMVPGKVELQEKVVQVSAGDSHTAALTDDGRVFLWGSFRDNNGVIGLLEPMKKSMVPVQVQLDVPVVKVASGNDHLVMLTADGDLYTLGCGEQGQLGRVPELFANRGGRQGLERLLVPKCVMLKHVRFQDAFCGAYFTFAISHEGHVYGFGLSNYHQLGTPGTESCFIPQNLTSFKNSTKSWVGFSGGQHHTVCMDSEGKAYSLGRAEYGRLGLGEGAEEKSIPTLISRLPAVSSVACGASVGYAVTKDGRVFAWGMGTNYQLGTGQDEDAWSPVEMMGKQLENRVVLSVSSGGQHTVLLVKD,Affinity Benchmark v5.5
45,5SV3,10.202732459169283,VQLVESGGGLVQAGDSLRLSCTASGRTLGDYGVAWFRQAPGKEREFVSVISRSTIITDYADSVRGRFSISADSAKNTVYLQMNSLKPEDTAVYYCAVIANPVYATSRNSDDYGHWGQGTQVTVSS,QYPIINFTTAGATVQSYTNFIRAVRGRLTVLPNRVGLPINQRFILVELSNHAELSVTLALDVTNAYVVGYRAGNSAYFFHPDNQEDAEAITHLFTDVQNRYTFAFGGNYDRLEQLAGNLRENIELGNGPLEEAISALYYYSTGGTQLPTLARSFIICIQMISEAARF,Affinity Benchmark v5.5
46,1BVN,11.036212172654444,QYAPQTQSGRTDIVHLFEWRWVDIALECERYLGPKGFGGVQVSPPNENVVVTNPSRPWWERYQPVSYKLCTRSGNENEFRDMVTRCNNVGVRIYVDAVINHMCGSGAAAGTGTTCGSYCNPGSREFPAVPYSAWDFNDGKCKTASGGIESYNDPYQVRDCQLVGLLDLALEKDYVRSMIADYLNKLIDIGVAGFRLDASKHMWPGDIKAVLDKLHNLNTNWFPAGSRPFIFQEVIDLGGEAISSSEYFGNGRVTEFKYGAKLGTVVRKWSGEKMSYLKNWGEGWGFMPSDRALVFVDNHDNQRGHGAGGSSILTFWDARLYKVAVGFMLAHPYGFTRVMSSYRWARNFVNGEDVNDWIGPPNNNGVIKEVTINADTTCGNDWVCEHRWREIRNMVWFRNVVDGQPFANWWDNGSNQVAFGRGNRGFIVFNNDDWQLSSTLQTGLPGGTYCNVISGDKVGNSCTGIKVYVSSDGTAQFSISNSAQDPFIAIHAESKL,VSEPAPSCVTLYQSWRYSQADNGCAETVTVKVVYEDDTEGLCYAVAPGQITTVGDGYIGSHGHARYLARCL,Affinity Benchmark v5.5
47,2OOR,7.795880017344075,MKIAIPKERRPGEDRVAISPEVVKKLVGLGFEVIVEQGAGVGASITDDALTAAGATIASTAAQALSQADVVWKVQRPMTAEEGTDEVALIKEGAVLMCHLGALTNRPVVEALTKRKITAYAMELMPRISRAQSMDILSSQSNLAGYRAVIDGAYEFARAFPMMMTAAGTVPPARVLVFGVGVAGLQAIATAKRLGAVVMATDVRAATKEQVESLGGKFITVDDEAMKTAETAGGYAKEMGEEFRKKQAEAVLKELVKTDIAITTALIPGKPAPVLITEEMVTKMKPGSVIIDLAVEAGGNCPLSEPGKIVVKHGVKIVGHTNVPSRVAADASPLFAKNLLNFLTPHVDKDTKTLVMKLEDETVSGTCVTRDGAIVHPAMKIAIPKERRPGEDRVAISPEVVKKLVGLGFEVIVEQGAGVGASITDDALTAAGATIASTAAQALSQADVVWKVQRPMTAEEGTDEVALIKEGAVLMCHLGALTNRPVVEALTKRKITAYAMELMPRISRAQSMDILSSQSNLAGYRAVIDGAYEFARAFPMMMTAAGTVPPARVLVFGVGVAGLQAIATAKRLGAVVMATDVRAATKEQVESLGGKFITVDGEEFRKKQAEAVLKELVKTDIAITTALIPGKPAPVLITEEMVTKMKPGSVIIDLAVEAGGNCPLSEPGKIVVKHGVKIVGHTNVPSRVAADASPLFAKNLLNFLTPHVDKDTKTLVMKLEDETVSGTCVTRDGAIVHPALTG,SVKAGSAEDAAFIMKNASKVIIVPGYGMAVAQAQHALREMADVLKKEGVEVSYAIHPVAGRMPGHMNVLLAEANVPYDEVFELEEINSSFQTADVAFVIGANDVTNPAAKTDPSSPIYGMPILDVEKAGTVLFIKRSMASGYAGVENELFFRNNTMMLFGDAKKMTEQIVQAM,Affinity Benchmark v5.5
48,2TGP,5.619788758288394,IVGGYTCGANTVPYQVSLNSGYHFCGGSLINSQWVVSAAHCYKSGIQVRLGEDNINVVEGNEQFISASKSIVHPSYNSNTLNNDIMLIKLKSAASLNSRVASISLPTSCASAGTQCLISGWGNTKSSGTSYPDVLKCLKAPILSDSSCKSAYPGQITSNMFCAGYLEGGKDSCQGDSGGPVVCSGKLQGIVSWGSGCAQKNKPGVYTKVCNYVSWIKQTIASN,RPDFCLEPPYTGPCKARIIRYFYNAKAGLCQTFVYGGCRAKRNNFKSAEDCMRTCGGA,Affinity Benchmark v5.5
49,1DFJ,13.229147988357855,KETAAAKFERQHMDSSTSAASSSNYCNQMMKSRNLTKDRCKPVNTFVHESLADVQAVCSQKNVACKNGQTNCYQSYSTMSITDCRETGSSKYPNCAYKTTQANKHIIVACEGNPYVPVHFDASV,MNLDIHCEQLSDARWTELLPLLQQYEVVRLDDCGLTEEHCKDIGSALRANPSLTELCLRTNELGDAGVHLVLQGLQSPTCKIQKLSLQNCSLTEAGCGVLPSTLRSLPTLRELHLSDNPLGDAGLRLLCEGLLDPQCHLEKLQLEYCRLTAASCEPLASVLRATRALKELTVSNNDIGEAGARVLGQGLADSACQLETLRLENCGLTPANCKDLCGIVASQASLRELDLGSNGLGDAGIAELCPGLLSPASRLKTLWLWECDITASGCRDLCRVLQAKETLKELSLAGNKLGDEGARLLCESLLQPGCQLESLWVKSCSLTAACCQHVSLMLTQNKHLLELQLSSNKLGDSGIQELCQALSQPGTTLRVLCLGDCEVTNSGCSSLASLLLANRSLRELDLSNNCVGDPGVLQLLGSLEQPGCALEQLVLYDTYWTEEVEDRLQALEGSKPGLRVIS,Affinity Benchmark v5.5
50,2UUY,8.2518119729938,IVGGYTCGANTVPYQVSLNSGYHFCGGSLINSQWVVSAAHCYKSGIQVRLGEDNINVVEGNEQFISASKSIVHPSYNSNTLNNDIMLIKLKSAASLNSRVASISLPTSCASAGTQCLISGWGNTKSSGTSYPDVLKCLKAPILSDSSCKSAYPGQITSNMFCAGYLEGGKDSCQGDSGGPVVCSGKLQGIVSWGSGCAQKNKPGVYTKVCNYVSWIKQTIASN,CTVPIGWSEPVKGLCKARFTRYYCMGNCCKVYEGCYTGGYSRMGECARNCPA,Affinity Benchmark v5.5
51,2VXT,9.273272790973428,EIQLQQSGPELVKPGASVKVSCKASGYSFTDYFIYWVKQSHGKSLEWIGDIDPYNGDTSYNQKFRDKATLTVDQSSTTAFMHLNSLTSEDSAVYFCARGLRFWGQGTLVTVSAAKTTPPSVYPLAPGSMVTLGCLVKGYFPEPVTVTWNSGSLSSGVHTFPAVLQSDLYTLSSSVTVPSSTWPSETVTCNVAHPASSTKVDKKIVPRDIQMTQSPSSLSASLGERVSLTCRASQDIGSKLYWLQQEPDGTFKRLIYATSSLDSGVPKRFSGSRSGSDYSLTISSLESEDFVDYYCLQYASSPYTFGGGTKLAIKRADAAPTVSIFPPSSEQLTSGGASVVCFLNNFYPKDINVKWKIDGSERQNGVLNSWTDQDSKDSTYSMSSTLTLTKDEYERHNSYTCEATHKTSTSPIVKSFNRNE,YFGKLESKLSVIRNLNDQVLFIDQGNRPLFEDMTDSDARDNAPRTIFIISMYKDSQPRGMAVTISVKAEKISTLSAENKIISFKEMNPPDNIKDTKSDIIFFQRSVPGHDNKMQFESSSYEGYFLAAEKERDLFKLILKKEDELGDRSIMFTVQNE,Affinity Benchmark v5.5
52,1KXP,9.045757490560677,ETTALVCDNGSGLVKAGFAGDDAPRAVFPSIVGRPRSYVGDEAQSKRGILTLKYPIEHGIITNWDDMEKIWHHTFYNELRVAPEEHPTLLTEAPLNPKANREKMTQIMFETFNVPAMYVAIQAVLSLYASGRTTGIVLDSGDGVTHNVPIYEGYALPHAIMRLDLAGRDLTDYLMKILTERGYSFVTTAEREIVRDIKEKLCYVALDFENEMATAASSSSLEKSYELPDGQVITIGNERFRCPETLFQPSFIGMESAGIHETTYNSIMKCDIDIRKDLYANNVMSGGTTMYPGIADRMQKEITALAPSTMKIKIIAPPERKYSVWIGGSILASLSTFQQMWITKQEYDE,LERGRDYEKNKVCKEFSHLGKEDFTSLSLVLYSRKFPSGTFEQVSQLVKEVVSLTEACCAEGADPDCYDTRTSALSAKSCESNSPFPVHPLKHQPQEFPTYVEPTNDEICEAFRKDPKEYANQFMWEYSTNYGQAPLSLLVSYTKSYLSMVGSCCTSASPTVCFLKERLQLKHLSLLTTLSNRVCSQYAAYGEKKSRLSNLIKLAQKVPTADLEDVLPLAEDITNILSKCCESASEDCMAKELPEHTVKLCDNLSTKNSKFEDCCQEKTAMDVFVCTYFMPAAQLPELPDVELPTNKDVCDPGNTKVMDKYTFELSRRTHLPEVFLSKVLEPTLKSLGECCDVEDSTTCFNAKGPLLKKELSSFIDKGQELCADYSENTFTEYKKKLAERLKAKLPDATPKELAKLVNKRSDFASNCCSINSPPLYCDSEIDAELKNI,Affinity Benchmark v5.5
53,1GXD,8.2839966563652,APSPIIKFPGDVAPKTDKELAVQYLNTFYGCPKESCNLFVLKDTLKKMQKFFGLPQTGDLDQNTIETMRKPRCGNPDVANYNFFPRKPKWDKNQITYRIIGYTPDLDPETVDDAFARAFQVWSDVTPLRFSRIHDGEADIMINFGRWEHGDGYPFDGKDGLLAHAFAPGTGVGGDSHFDDDELWTLGEGQVVRVKYGNADGEYCKFPFLFNGKEYNSCTDTGRSDGFLWCSTTYNFEKDGKYGFCPHEALFTMGGNAEGQPCKFPFRFQGTSYDSCTTEGRTDGYRWCGTTEDYDRDKKYGFCPETAMSTVGGNSEGAPCVFPFTFLGNKYESCTSAGRSDGKMWCATTANYDDDRKWGFCPDQGYSLFLVAAHAFGHAMGLEHSQDPGALMAPIYTYTKNFRLSQDDIKGIQELYGASPDTPTLGPVTPEICKQDIVFDGIAQIRGEIFFFKDRFIWRTVTPRDKPMGPLLVATFWPELPEKIDAVYEAPQEEKAVFFAGNEYWIYSASTLERGYPKPLTSLGLPPDVQRVDAAFNWSKNKKTYIFAGDKFWRYNEVKKKMDPGFPKLIADAWNAIPDNLDAVVDLQGGGHSYFFKGAYYLKLENQSLKSVKFGSIKSDWLG,CSCSPVHPQQAFCNADVVIRAKAVSEKEVDSGNDIYGNPIKRIQYEIKQIKMFKGPEKDIEFIYTAPSSAVCGVSLDVGGKKEYLIAGKAEGDGKMHITLCDFIVPWDTLSTTQKKSLNHRYQMGCECKITRCPMIPCYISSPDECLWMDWVTEKNINGHQAKFFACIKRSDGSCAWYRGAAPPKQEFLDIE,Affinity Benchmark v5.5
54,5VNW,6.366531544420414,QVQLQESGGGLVQAGGSLRLSCAASGYISDAYYMGWYRQAPGKEREFVATITHGTNTYYADSVKGRFTISRDNAKNTVYLQMNSLKPEDTAVYYCAVLETRSYSFRYWGQGTQVTVSSLE,AHKSEVAHRFKDLGEENFKALVLIAFAQYLQQCPFEDHVKLVNEVTEFAKTCVADESAENCDKSLHTLFGDKLCTVATLRETYGEMADCCAKQEPERNECFLQHKDDNPNLPRLVRPEVDVMCTAFHDNEETFLKKYLYEIARRHPYFYAPELLFFAKRYKAAFTECCQAADKAACLLPKLDELRDEGKASSAKQRLKCASLQKFGERAFKAWAVARLSQRFPKAEFAEVSKLVTDLTKVHTECCHGDLLECADDRADLAKYICENQDSISSKLKECCEKPLLEKSHCIAEVENDEMPADLPSLAADFVESKDVCKNYAEAKDVFLGMFLYEYARRHPDYSVVLLLRLAKTYETTLEKCCAAADPHECYAKVFDEFKPLVEEPQNLIKQNCELFEQLGEYKFQNALLVRYTKKVPQVSTPTLVEVSRNLGKVGSKCCKHPEAKRMPCAEDYLSVVLNQLCVLHEKTPVSDRVTKCCTESLVNRRPCFSALEVDETYVPKEFNAETFTFHADICTLSEKERQIKKQTALVELVKHKPKATKEQLKAVMDDFAAFVEKCCKADDKETCFAEEGKKLVAASQAALG,Affinity Benchmark v5.5
55,1NW9,7.886056647693163,GALESLRGNADLAYILSMEPCGHCLIINNVNFCRESGLRTRTGSNIDCEKLRRRFSSLHFMVEVKGDLTAKKMVLALLELARQDHGALDCCVVVILSHGCQASHLQFPGAVYGTDGCPVSVEKIVNIFNGTSCPSLGGKPKLFFIQACGATPFQSSLPTPSDIFVSYSTFPGFVSWRDPKSGSWYVETLDDIFEQWAHSEDLQSLLLRVANAVSVKGIYKQMPGCFNFLRKKLFFKTS,LPRNPSMADYEARIFTFGTWIYSVNKEQLARAGFYALGEGDKVKCFHCGGGLTDWKPSEDPWEQHAKWYPGCKYLLEQKGQEYINNIHLTH,Affinity Benchmark v5.5
56,2I9B,9.481486060122112,SLRCMQCKTNGDCRVEECALGQDLCRTTIVRLWEEGEELELVEKSCTHSEKTNRTLSYRTGLKITSLTEVVCGLDLCNQGNSGRAVTYSRSRYLECISCGSSDMSCHQSLQCRSPEEQCLDVVTHWIQRPKDDRHLRGCGYLPGCPGSNGFHNQDTFHFLKCCQTTKCNEGPILELENLPQNGRQCYSCKGQSTHGCSSEETFLIDCRGPMNQCLVATGTHEPKQQSYMVRGCATASAHLGDAFSMNHIDVSCCTKSGCNHPDLD,CDCLNGGTCVSNKYFSNIHWCNCPKKFGGQHCEIDKSKTCYEGNGHFYRGKASTDTMGRPCLPWNSATVLQQTYHAHRSDALQLGLGKHNYCRNPDNRRRPWCYVQVGLKPLVQECMVHDCA,Affinity Benchmark v5.5
57,1BRS,12.69897000433602,VINTFDGVADYLQTYHKLPDNYITKSEAQALGWVASKGNLADVAPGKSIGGDIFSNREGKLPGKSGRTWREADINYTSGFRNSDRILYSSDWLIYKTTDHYQTFTKIR,KKAVINGEQIRSISDLHQTLKKELALPEYYGENLDALWDALTGWVEYPLVLEWRQFEQSKQLTGAESVLQVFREAKAEGADITIILS,Affinity Benchmark v5.5
58,2NYZ,9.30102999566398,HSSGVSTQSVDLSQIKRGDEIQAHCLTPAETEVTECAGILKDVLSKNLHELQGLCNVKNKMGVPWVSVEELGQEIITGRLPFPSVGGTPVNDLVRVLVVAESNTPEETPEEEFYAYVELQTELYTFGLSDDNVVFTSDYMTVWMIDIPKSYVDVGMLTRATFLEQWPGAKVTVMIPYSSTFTWCGELGAISEESAPQPSLSARSPVCKNSARYSTSKFCEVDGCTAETGMEKMSLLTPFGGPPQQAKMNTCPCYYKYSVSPLPAMDHLILADLAGLDSLTSPVYVMAAYFDSTHENPVRPSSKLYHCALQMTSHDGVWTSTSSEQCPIRLVEGQSQNVLQVRVAPTSMPNLVGVSLMLEGQQYRLEYFGDHHSSGVSTQSVDLSQIKRGDEIQAHCLTPAETEVTECAGILKDVLSKNLHELQGLCNVKNKMGVPWVSVEELGQEIITGRLPFPSVGGTPVNDLVRVLVVAESNTPEETPEEEFYAYVELQTELYTFGLSDDNVVFTSDYMTVWMIDIPKSYVDVGMLTRATFLEQWPGAKVTVMIPYSSTFTWCGELGAISEESAPQPSLSARSPVCKNSARYSTSKFCEVDGCTAETGMEKMSLLTPFGGPPQQAKMNTCPCYYKYSVSPLPAMDHLILADLAGLDSLTSPVYVMAAYFDSTHENPVRPSSKLYHCALQMTSHDGVWTSTSSEQCPIRLVEGQSQNVLQVRVAPTSMPNLVGVSLMLEGQQYRLEYFGDH,DKRTCVSLTTQRLPVSRIKTYTITEGSLRAVIFITKRGLKVCADPQATWVRDVVRSMDRKS,Affinity Benchmark v5.5
59,2DD8,7.698970004336019,VQLQQSGAEVKKPGSSVKVSCKASGGTFSSYTISWVRQAPGQGLEWMGGITPILGIANYAQKFQGRVTITTDESTSTAYMELSSLRSEDTAVYYCARDTVMGGMDVWGQGTTVTVSSASTKGPSVFPLAPSSKSTSGGTSALGCLVKDYFPEPVTVSWNSGALTSGVHTFPAVLQSSGLYSLSSVVTVPSSSLGTQTYICNVNHKPSNTKVDKKVEPKSCSYELTQPPSVSVAPGKTARITCGGNNIGSKSVHWYQQKPGQAPVLVVYDDSDRPSGIPERFSGSNSGNTATLTISRVEAGDEADYYCQVWDSSSDYVFGTGTKVTVLGQPKANPTVTLFPPSSEEFQANKATLVCLISDFYPGAVTVAWKADGSPVKAGVETTKPSKQSNNKYAASSYLSLTPEQWKSHRSYSCQVTHEGSTVEKTVAPTEC,NLCPFGEVFNATKFPSVYAWERKKISNCVADYSVLYNSTFFSTFKCYGVSATKLNDLCFSNVYADSFVVKGDDVRQIAPGQTGVIADYNYKLPDDFMGCVLAWNTRNIDATSTGNYNYKYRYLRHGKLRPFERDISNVPFSPDGKPCTPPALNCYWPLNDYGFYTTTGIGYQPYRVVVLSFELLNAPATVCG,Affinity Benchmark v5.5
60,1FQJ,7.173925197299173,RTVKLLLLGAGESGKSTIVKQMKIIHQDGYSLEECLEFIAIIYGNTLQSILAIVRAMTTLNIQYGDSARQDDARKLMHMADTIEEGTMPKEMSDIIQRLWKDSGIQACFDRASEYQLNDSAGYYLSDLERLVTPGYVPTEQDVLRSRVKTTGIIETQFSFKDLNFRMFDVGGQRSERKKWIHCFEGVTAIIFCVALSDYDLVLAEDEEMNRMHESMKLFDSICNNKWFTDTSIILFLNKKDLFEEKIKKSPLTICYPEYAGSNTYEEAGNYIKVQFLELNMRRDVKEIYSHMTCATDTQNVKFVFDAVTDIIIKENL,DIPTKMRVERWAFNFSELIRDPKGRQSFQHFLRKEFSGENLGFWEACEDLKYGDQSKVKEKAEEIYKLFLAPGARRWINIDGKTMDITVKGLKHPHRYVLDAAQTHIYMLMKKDSYARYLKSPIYKEMLAKAI,Affinity Benchmark v5.5
61,3F1P,5.853871964321762,FKGLDSKTFLSEHSMDMKFTYCDDRITELIGYHPEELLGRSAYEFYHALDSENMTKSHQNLCTKGQVVSGQYRMLAKHGGYVWLETQGTVIYNPRNLQPQCIMCVNYVLSEIEK,VCQPTRFISRHNIEGIFTFVDHRCVATVGYQPQELLGKNIVEFCHPEDQQLLRDSFQQVVKLKGQVLSVMFRFRSKNQEWLWMRTSSFTFQNPYSDEIEYIICTNTNVKNS,Affinity Benchmark v5.5
62,3CPH,6.481486060122113,TIDTDYDVIVLGTGITECILSGLLSVDGKKVLHIDKQDHYGGEAASVTLSQLYEKFKQNPISKEERESKFGKDRDWNVDLIPKFLMANGELTNILIHTDVTRYVDFKQVSGSYVFKQGKIYKVPANEIEAISSPLMGIFEKRRMKKFLEWISSYKEDDLSTHQGLDLDKNTMDEVYYKFGLGNSTKEFIGHAMALWTNDDYLQQPARPSFERILLYCQSVARYGKSPYLYPMYGLGELPQGFARLSAIYGGTYMLDTPIDEVLYKKDTGKFEGVKTKLGTFKAPLVIADPTYFPEKCKSTGQRVIRAICILNHPVPNTSNADSLQIIIPQSQLGRKSDIYVAIVSDAHNVCSKGHYLAIISTIIETDKPHIELEPAFKLLGPIEEKFMGIAELFEPREDGSKDNIYLSRSYDASSHFESMTDDVKDIYFRVTGHPLVLKQR,IMKILLIGDSGVGKSCLLVRFVEDKFNPSFITTIGIDFKIKTVDINGKKVKLQLWDTAGQERFRTITTAYYRGAMGIILVYDVTDERTFTNIKQWFKTVNEHANDEAQLLLVGNKSDMETRVVTADQGEALAKELGIPFIESSAKNDDNVNEIFFTLAKLIQEKIDSNKLVGVGN,Affinity Benchmark v5.5
63,1S78,6.301029995663981,DIQMTQSPSSLSASVGDRVTITCKASQDVSIGVAWYQQKPGKAPKLLIYSASYRYTGVPSRFSGSGSGTDFTLTISSLQPEDFATYYCQQYYIYPYTFGQGTKVEIKRTVAAPSVFIFPPSDEQLKSGTASVVCLLNNFYPREAKVQWKVDNALQSGNSQESVTEQDSKDSTYSLSSTLTLSKADYEKHKVYACEVTHQGLSSPVTKSFNRGECEVQLVESGGGLVQPGGSLRLSCAASGFTFTDYTMDWVRQAPGKGLEWVADVNPNSGGSIYNQRFKGRFTLSVDRSKNTLYLQMNSLRAEDTAVYYCARNLGPSFYFDYWGQGTLVTVSSASTKGPSVFPLAPSSKSTSGGTAALGCLVKDYFPEPVTVSWNSGALTSGVHTFPAVLQSSGLYSLSSVVTVPSSSLGTQTYICNVNHKPSNTKVDKKVEPKSC,TQVCTGTDMKLRLPASPETHLDMLRHLYQGCQVVQGNLELTYLPTNASLSFLQDIQEVQGYVLIAHNQVRQVPLQRLRIVRGTQLFEDNYALAVLDNGDPLSPGGLRELQLRSLTEILKGGVLIQRNPQLCYQDTILWKDIFHKNNQLALTLIDTNRSRACHPCSPMCKGSRCWGESSEDCQSLTRTVCAGGCARCKGPLPTDCCHEQCAAGCTGPKHSDCLACLHFNHSGICELHCPALVTYNTDTFESMPNPEGRYTFGASCVTACPYNYLSTDVGSCTLVCPLHNQEVTAEDGTQRCEKCSKPCARVCYGLGMEHLREVRAVTSANIQEFAGCKKIFGSLAFLPESFDGDPASNTAPLQPEQLQVFETLEEITGYLYISAWPDSLPDLSVFQNLQVIRGRILHNGAYSLTLQGLGISWLGLRSLRELGSGLALIHHNTHLCFVHTVPWDQLFRNPHQALLHTANRPEDECVGEGLACHQLCARGHCWGPGPTQCVNCSQFLRGQECVEECRVLQGLPREYVNARHCLPCHPECQPQNGSVTCFGPEADQCVA,Affinity Benchmark v5.5
64,1E4K,5.769551078621726,CPAPELLGGPSVFLFPPKPKDTLMISRTPEVTCVVVDVSHEDPQVKFNWYVDGVQVHNAKTKPREQQYNSTYRVVSVLTVLHQNWLDGKEYKCKVSNKALPAPIEKTISKAKGQPREPQVYTLPPSREEMTKNQVSLTCLVKGFYPSDIAVEWESNGQPENNYKTTPPVLDSDGSFFLYSKLTVDKSRWQQGNVFSCSVMHEALHNHYTQKSLSLSCPAPELLGGPSVFLFPPKPKDTLMISRTPEVTCVVVDVSHEDPQVKFNWYVDGVQVHNAKTKPREQQYNSTYRVVSVLTVLHQNWLDGKEYKCKVSNKALPAPIEKTISKAKGQPREPQVYTLPPSREEMTKNQVSLTCLVKGFYPSDIAVEWESNGQPENNYKTTPPVLDSDGSFFLYSKLTVDKSRWQQGNVFSCSVMHEALHNHYTQKSLSLS,DLPKAVVFLEPQWYSVLEKDSVTLKCQGAYSPEDNSTQWFHNESLISSQASSYFIDAATVNDSGEYRCQTNLSTLSDPVQLEVHIGWLLLQAPRWVFKEEDPIHLRCHSWKNTALHKVTYLQNGKDRKYFHHNSDFHIPKATLKDSGSYFCRGLVGSKNVSSETVNITITQG,Affinity Benchmark v5.5
65,6EY6,8.096910013008056,QVQLVESGGGLVQAGGSLRLSCAASGRTFSSYVMGWFRQAPGKEREFVTAISWSGGSIHYADSVKGRFTISRDNAKNTVYLQMNSLKPEDTAVYTCVAGFAGYGSFTSRSARDSDKYDYWGQGTKVTVS,SVAPTMMNVLYAGIDNPINIAVPGVAQQNVSATINNGTLTRRGNLWIARPTKVGSEAIISVTAQSGGRTIQMAKTTLRVRALPDPLPYIEYKDVQGNTKRFKGGRLGKREILAAGGIKAALDDDLLEVNYTVVKFQLVFYDSMGNSIPEVSDGASFSERQKRQIQNLGKGKRFYVTEVIARGPDGIERKIPAIEVIVNEPMASVAPTMMNVLYAGIDNPINIAVPGVAQQNVSATINNGTLTRRGNLWIARPTKVGSEAIISVTAQSGGRTIQMAKTTLRVRALPDPLPYIEYKDVQGNTKRFKGGRLGKREILAAGGIKAALDDDLLEVNYTVVKFQLVFYDSMGNSIPEVSDGASFSERQKRQIQNLGKGKRFYVTEVIARGPDGIERKIPAIEVIVN,Affinity Benchmark v5.5
66,1GCQ,4.769551078621726,TYVQALFDFDPQEDGELGFRRGDFIHVMDNSDPNWWKGACHGQTGMFPRNYVTPVNR,GSHMPKMEVFQEYYGIPPPPGAFGPFLRLNPGDIVELTKAEAEHNWWEGRNTATNEVGWFPCNRVHPYV,Affinity Benchmark v5.5
67,1A2K,6.823908740944319,QVQFKLVLVGDGGTGKTTFVKRHLTGEFEKKYVATLGVEVHPLVFHTNRGPIKFNVWDTAGQEKFGGLRDGYYIQAQCAIIMFDVTSRVTYKNVPNWHRDLVRVCENIPIVLCGNKVDIKDRKVKAKSIVFHRKKNLQYYDISAKSNYNFEKPFLWLARKLIGDPNLEFVAMPALAPPEVVMDPALAAQYEHDLEV,KPIWEQIGSSFIQHYYQLFDNDRTQLGAIYIDASCLTWEGQQFQGKAAIVEKLSSLPFQKIQHSITAQDHQPTPDSCIISMVVGQLKADEDPIMGFHQMFLLKNINDAWVCTNDMFRLALHNFGKPIWEQIGSSFIQHYYQLFDNDRTQLGAIYIDASCLTWEGQQFQGKAAIVEKLSSLPFQKIQHSITAQDHQPTPDSCIISMVVGQLKADEDPIMGFHQMFLLKNINDAWVCTNDMFRLALHNFG,Affinity Benchmark v5.5
68,4G6J,8.387216143280265,QVQLVESGGGVVQPGRSLRLSCAASGFTFSVYGMNWVRQAPAKGLEWVAIIWYDGDNQYYADSVKGRFTISRDNSKNTLYLQMNGLRAEDTAVYYCARDLRTGPFDYWGQGTLVTVSSASTKGPSVFPLAPSSKSTSGGTAALGCLVKDYFPEPVTVSWNSGALTSGVHTFPAVLQSSGLYSLSSVVTVPSSSLGTQTYICNVNHKPSNTKVDKRVAPEIVLTQSPDFQSVTPKEKVTITCRASQSIGSSLHWYQQKPDQSPKLLIKYASQSFSGVPSRFSGSGSGTDFTLTINSLEAEDAAAYYCHQSSSLPFTFGPGTKVDIKRTVAAPSVFIFPPSDEQLKSGTASVVCLLNNFYPREAKVQWKVDNALQSGNSQESVTEQDSKDSTYSLSSTLTLSKADYEKHKVYACEVTHQGLSSPVTKSFNRG,RSLNCTLRDSQQKSLVMSGPYELKALHLQGQDMEQQVVFSMSFVQGEESNDKIPVALGLKEKNLYLSCVLKDDKPTLQLESVDPKNYPKKKMEKRFVFNKIEINNKLEFESAQFPNWYISTSQAENMPVFLGGTKGGQDITDFTMQFVS,Affinity Benchmark v5.5
69,4POU,6.804100347590766,QVQLVESGGGLVQAGSLRLSCAASGYPHPYLHMGWFRQAPGKEREGVAAMDSGGGGTLYADSVKGRFTISRDKGKNTVYLQMDSLKPEDTATYYCAAGGYQLRDRTYGHWGQGTQVTVSS,KETAAAKFERQHMDSSTSSNYCNQMMKSRNLTKDRCKPVNTFVHESLADVQAVCSQKNVACKNGQTNCYQSYSTMSITDCRETGSSKYPNCAYKTTQANKHIIVACEGNPYVPVHFDASV,Affinity Benchmark v5.5
70,1EMV,13.619788758288394,LKHSISDYTEAEFLQLVTTICNADTSSEEELVKLVTHFEEMTEHPSGSDLIYYPKEGDDDSPSGIVNTVKQWRAANGKSGFKQ,MESKRNKPGKATGKGKPVGDKWLDDAGKDSGAPIPDRIADKLRDKEFKSFDDFRKAVWEEVSKDPELSKNLNPSNKSSVSKGYSPFTPKNQQVGGRKVYELHHDKPISQGGEVYDMDNIRVTTPKRHIDIH,Affinity Benchmark v5.5
71,4Y7M,8.79317412396815,QVQLVESGGGLVQAGGSLRLSCAASGFTFEDYAIGWFRQAPGKEREGVSCISNLDGSTYYPDSVKGRFTASSDKAKNMVYLQMNSLKPEDTAVYYCAAVNAQGIYCTDYIIGPYGMDYWGKGTQVTVSS,LTPAAESLNARWRTAVVDGWNNAFSGRYPFKNVSSDASLPLLAKYLNTDTGRIARFLQNNLSGVLHREGSRWVPDTINTRGLTFNPAFLKAINTLSEIADVAFTTGNAGLHFELRPGTAAGVMQTTLITDNQKLIYVNQMPVWKRFTWPADTEAPGASLSWVSTQAGTRQYADLPGSWGLIRLLEMARRKAAPGVASGWSLSWQAQDGRMLNYTLRTEAGEGPLVLLKLRNFVLPETVFEL,Affinity Benchmark v5.5
72,1JIW,11.397940008672036,GRSDAYTQVDNFLHAYARGGDELVNGHPSYTVDQAAEQILREQASWQKAPGDSVLTLSYSFLTKPNDFFNTPWKYVSDIYSLGKFSAFSAQQQAQAKLSLQSWSDVTNIHFVDAGQGDQGDLTFGNFSSSVGGAAFAFLPDVPDALKGQSWYLINSSYSANVNPANGNYGRQTLTHEIGHTLGLSHPGDYNAGEGDPTYADATYAEDTRAYSVMSYWEEQNTGQDFKGAYSSAPLLDDIAAIQKLYGANLTTRTGDTVYGFNSNTERDFYSATSSSSKLVFSVWDAGGNDTLDFSGFSQNQKINLNEKALSDVGGLKGNVSIAAGVTVENAIGGSGSDLLIGNDVANVLKGGAGNDILYGGLGADQLWGGAGADTFVYGDIAESSAAAPDTLRDFVSGQDKIDLSGLDAFVNGGLVLQYVDAFAGKAGQAILSYDAASKAGSLAIDFSGDAHADFAINLIGQATQADIVV,SSLILLSASDLAGQWTLQQDEAPAICHLELRDSEVAEASGYDLGGDTACLTRWLPSEPRAWRPTPAGIALLERGGLTLMLLGRQGEGDYRVQKGDGGQLVLRRAT,Affinity Benchmark v5.5
73,1T6B,9.769551078621726,SQGLLGYYFSDLNFQAPMVVTSSTTGDLSIPSSELENIPSENQYFQSAIWSGFIKVKKSDEYTFATSADNHVTMWVDDQEVINKASNSNKIRLEKGRLYQIKIQYQRENPTEKGLDFKLYWTDSQNKKEVISSDNLQLPELKQVPDRDNDGIPDSLEVEGYTVDVKNKRTFLSPWISNIHEKKGLTKYKSSPEKWSTASDPYSDFEKVTGRIDKNVSPEARHPLVAAYPIVHVDMENIILSKNETISKNTSTSRTHTSEVVSAGFSNSNSSTVAIDHSLSLAGERTWAETMGLNTADTARLNANIRYVNTGTAPIYNVLPTTSLVLGKNQTLATIKAKENQLSQILAPNNYYPSKNLAPIALNAQDDFSSTPITMNYNQFLELEKTKQLRLDTDQVYGNIATYNFENGRVRVDTGSNWSEVLPQIQETTARIIFNGKDLNLVERRIAAVNPSDPLETTKPDMTLKEALKIAFGFNEPNGNLQYQGKDITEFDFNFDQQTSQNIKNQLAELNATNIYTVLDKIKLNAKMNILIRDKRFHYDRNNIAVGADESVVKEAHREVINSSTEGLLLNIDKDIRKILSGYIVEIEDTEGLKEVINDRYDMLNISSLRQDGKTFIDFKKYNDKLPLYISNPNYKVNVYAVTKENTIINPSENGDTSTNGIKKILIFSKKGYEIG,RAFDLYFVLDKSGSVANNWIEIYNFVQQLAERFVSPEMRLSFIVFSSQATIILPLTGDRGKISKGLEDLKRVSPVGETYIHEGLKLANEQIQKAGGLKTSSIIIALTDGKLDGLVPSYAEKEAKISRSLGASVYCVGVLDFEQAQLERIADSKEQVFPVKGGFQALKGII,Affinity Benchmark v5.5
74,2PTC,13.221848749616356,IVGGYTCGANTVPYQVSLNSGYHFCGGSLINSQWVVSAAHCYKSGIQVRLGEDNINVVEGNEQFISASKSIVHPSYNSNTLNNDIMLIKLKSAASLNSRVASISLPTSCASAGTQCLISGWGNTKSSGTSYPDVLKCLKAPILSDSSCKSAYPGQITSNMFCAGYLEGGKDSCQGDSGGPVVCSGKLQGIVSWGSGCAQKNKPGVYTKVCNYVSWIKQTIASN,RPDFCLEPPYTGPCKARIIRYFYNAKAGLCQTFVYGGCRAKRNNFKSAEDCMRTCGGA,Affinity Benchmark v5.5
75,3SGB,10.744727494896694,ISGGDAIYSSTGRCSLGFNVRSGSTYYFLTAGHCTDGATTWWANSARTTVLGTTSGSSFPNNDYGIVRYTNTTIPKDGTVGGQDITSAANATVGMAVTRRGSTTGTHSGSVTALNATVNYGGGDVVYGMIRTNVCAEPGDSGGPLYSGTRAIGLTSGGSGNCSSGGTTFFQPVTEALVAYGVSVY,DCSEYPKPACTLEYRPLCGSDNKTYGNKCNFCNAVVESNGTLTLSHFGKC,Affinity Benchmark v5.5
76,1FLE,9.0,VVGGTEAQRNSWPSQISLQYRSGSSWAHTCGGTLIRQNWVMTAAHCVDRELTFRVVVGEHNLNQNNGTEQYVGVQKIVVHPYWNTDDVAAGYDIALLRLAQSVTLNSYVQLGVLPRAGTILANNSPCYITGWGLTRTNGQLAQTLQQAYLPTVDYAICSSSSYWGSTVKNSMVCAGGDGVRSGCQGDSGGPLHCLVNGQYAVHGVTSFVSRLGCNVTRKPTVFTRVSAYISWINNVIASN,TKPGSCPIILIRCAMLNPPNRCLKDTDCPGIKKCCEGSCGMACFVPQ,Affinity Benchmark v5.5
77,3MJ9,8.096910013008056,QVQLKESGPGLLQPSQTLSLTCTVSGISLSDYGVHWVRQAPGKGLEWMGIIGHAGGTDYNSNLKSRVSISRDTSKSQVFLKLNSLQQEDTAMYFCARHFYTYFDVWGQGIQVTVSSATTTAPSVYPLAPANTVTLGCLVKGYFPEPVTVSWNSGALTSGVHTFPSVLHSGLYSLSSSVTVPSSTWPSQTVTCNVAHPASSTKVDKKIVPGYTLTQPPLVSVALGQKATITCSGDKLSDVYVHWYQQKAGQAPVLVIYEDNRRPSGIPDHFSGSNSGNMATLTISKAQAGDEADYYCQSWDGTNSAWVFGSGTKVTVLGQPNAAPSVTLFPPSSEELKTNQATLVCMINGFYPADVAVTWEADGTPITQGVKTTQPSKSDSKYMATSYLTMTADAWKSRNTFICKVTHGGNTVEKSLSPS,VSSPQLRVHVGESVLMGCVVQRTEEKHVDRVDWLFSKDKDDASEYVLFYYSNLSVPTGRFQNRSHLVGDTFHNDGSLLLQDVQKADEGIYTCEIRLKNESMVMKKPVELWVLPEEPRDLRVRVGDTTQMRCSIQSTEEKRVTKVNWMFSSGSHTEEETVLSYDSNMRSGKFQSLGRFRNRVDLTGDISRNDGSIKLQTVKESDQGIYTCSIYVGKLESRKTIVLHVVQD,Affinity Benchmark v5.5
78,1AVZ,4.795880017344075,TPQVPLRPMTYKAAVDLSHFLKEKGGLEGLIHSQRRQDILDLWIYHTQGYFPDWQNYTPGPGVRYPLTFGWCYKLVPVEVLEWRFDSRLAFHHVARELHPEYF,TLFVALYDYEARTEDDLSFHKGEKFQILNSSEGDWWEARSLTTGETGYIPSNYVAPV,Affinity Benchmark v5.5
79,1IB1,7.698970004336019,DKNELVQKAKLAEQAERYDDMAACMKSVTEQGAELSNEERNLLSVAYKNVVGARRSSWRVVSSIEQKTEGAEKKQQMAREYREKIETELRDICNDVLSLLEKFLIPNASQAESKVFYLKMKGDYYRYLAEVAAGDDKKGIVDQSQQAYQEAFEISKKEMQPTHPIRLGLALNFSVFYYEILNSPEKACSLAKTAFDEAIAELDTLSEESYKDSTLIMQLLRDNLTLWDKNELVQKAKLAEQAERYDDMAACMKSVTEQGAELSNEERNLLSVAYKNVVGARRSSWRVVSSIEQKTEGAEKKQQMAREYREKIETELRDICNDVLSLLEKFLIPNASQAESKVFYLKMKGDYYRYLAEVAAGDDKKGIVDQSQQAYQEAFEISKKEMQPTHPIRLGLALNFSVFYYEILNSPEKACSLAKTAFDEAIAELDTLSEESYKDSTLIMQLLRDNLTLW,SGIPGSPGRQRRHLPANEFRCLTPEDAAGVFEIEREAFISVSGNCPLNLDEVQHFLTLCPELSLGWFVEGRLVAFIIGSLWDEERLTQESLALHRPRGHSAHLHALAVHRSFRQQGKGSVLLWRYLHHVGAQPAVRRAVLMCEDALVPFYQRFGFHPAGPCAIVVGSLTFTEMHCSLR,Affinity Benchmark v5.5
80,1RV6,9.769551078621726,VVPFQEVWGRSYCRALERLVDVVSEYPSEVEHMFSPSCVSLLRCTGCCGDENLHCVPVETANVTMQLLKIRSGDRPSYVELTFSQHVRCECRPLEVVPFQEVWGRSYCRALERLVDVVSEYPSEVEHMFSPSCVSLLRCTGCCGDENLHCVPVETANVTMQLLKIRSGDRPSYVELTFSQHVRCECRPL,RPFVEMYSEIPEIIHMTEGRELVIPCRVTSPNITVTLKKFPLDTLIPDGKRIIWDSRKGFIISNATYKEIGLLTCEATVNGHLYKTNYLTHR,Affinity Benchmark v5.5
81,1XD3,6.522878745280337,EGQRWLPLEANPEVTNQFLKQLGLHPNWQFVDVYGMDPELLSMVPRPVCAVLLLFPITEKYEVFRTEEEEKIKSQGQDVTSSVYFMKQTISNACGTIGLIHAIANNKDKMHFESGSTLKKFLEESVSMSPEERARYLENYDAIRVTHETSAHEGQTEAPSIDEKVDLHFIALVHVDGHLYELDGRKPFPINHGETSDETLLEDAIEVCKKFMERDPDELRFNAIALSAA,MQIFVKTLTGKTITLEVEPSDTIENVKAKIQDKEGIPPDQQRLIFAGKQLEDGRTLSDYNIQKESTLHLVLRLRG,Affinity Benchmark v5.5
82,3S9D,8.522878745280337,CTFKISLRNFRSILSWELKNHSIVPTHYTLLYTIMSKPEDLKVVKNCANTTRSFCDLTDEWRSTHEAYVTVLEGFSTTLFSCSHNFWLAIDMSFEPPEFEIVGFTNHINVMVKFPSELQFDLSLVIEEQSEGIVKKHKPEMSGNFTYIIDKLIPNTNYCVSVYLEHQAVIKSPLKCTLLP,SLGSRRTLMLLAQMRRISLFSCLKDRHDFGFPQEEFETIPVLAAMIAQIFNLFSTKDSSAAWDETLLDKFYTELYQQLNDLEACDSILAVRKYFQRITLYLKEKKYSPCAWEVVRAEIMRSFSLSTN,Affinity Benchmark v5.5
83,3G6D,10.735182176990463,QVQLVESGGGLVQPGGSLRLSCAASGFTFNSYWINWVRQAPGKGLEWVSGIAYDSSNTLYADSVKGRFTISRDNSKNTLYLQMNSLRAEDTAVYYCARGLGAFHWDMQPDYWGQGTLVTVSSASTKGPSVFPLAPSSKSTSGGTAALGCLVKDYFPEPVTVSWNSGALTSGVHTFPAVLQSSGLYSLSSVVTVPSSSLGTQTYICNVNHKPSNTKVDKKVEPKSYELTQPPSVSVAPGQTARISCSGDNIGGTFVSWYQQKPGQAPVLVIYDDNDRPSGIPERFSGSNSGNTATLTISGTQAEDEADYYCGTWDMVTNNVFGGGTKLTVLGQPKAAPSVTLFPPSSEELQANKATLVCLISDFYPGAVTVAWKADSSPVKAGVETTTPSKQSNNKYAASSYLSLTPEQWKSHRSYSCQVTHEGSTVEKTVAPT,VPPSTALRELIEELVNITQNQKAPLCNGSMVWSINLTAGMYCAALESLINVSGCSAIEKTQRMLSGFCPHKVSAGQFSSLHVRDTKIEVAQFVKDLLLHLKKLFRE,Affinity Benchmark v5.5
84,1XQS,5.187086643357144,RGEVEQMKSCLRVLSQPMPPTAGEAEQAADQQEREGALELLADLCENMDNAADFCQLSGMHLLVGRYLEAGAAGLRWRAAQLIGTCSQNVAAIQEQVLGLGALRKLLRLLDRDACDTVRVKALFAISCLVREQEAGLLQFLRLDGFSVLMRAMQQQVQKLKVKSAFLLQNLLVGHPEHKGTLCSMGMVQQLVALVRTEHSPFHEHVLGALCSLVTDFPQGVRECREPELGLEELLRHRCQLLQQHEEYQEELEFCEKLLQTCFS,ERNVLIFDLGGGTFDVSILTIDDGIFEVKATAGDTHLGGEDFDNRLVNHFVEEFKRKHKKDISQNKRAVRRLRTACERAKRTLSSSTQASLEIDSLFEGIDFYTSITRARFEELCSDLFRSTLEPVEKALRDAKLDKAQIHDLVLVGGSTRIPKVQKLLQDFFNG,Affinity Benchmark v5.5
85,4DN4,10.42021640338319,VELVQSGAEVKKPGSSVKVSCKASGGTFSSYGISWVRQAPGQGLEWMGGIIPIFGTANYAQKFQGRVTITADESTSTAYMELSSLRSEDTAVYYCARYDGIYGELDFWGQGTLVTVSSASTKGPSVFPLAPSSGTAALGCLVKDYFPEPVTVSWNSGALTSGVHTFPAVLQSSGLYSLSSVVTVPSSSLGTQTYICNVNHKPSNTKVDKKVEPKEIVLTQSPATLSLSPGERATLSCRASQSVSDAYLAWYQQKPGQAPRLLIYDASSRATGVPARFSGSGSGTDFTLTISSLEPEDFAVYYCHQYIQLHSFTFGQGTKVEIKRTVAAPSVFIFPPSDEQLKSGTASVVCLLNNFYPREAKVQWKVDNALQSGNSQESVTEQDSKDSTYSLSSTLTLSKADYEKHKVYACEVTHQGLSSPVTKSFNR,VTCCYNFTNRKISVQRLASYRRITSSKCPKEAVIFKTIVAKEICADPKQKWVQDSMDHLDK,Affinity Benchmark v5.5
86,5C7X,11.154901959985745,QVQLVESGGGLVQPGGSLRLSCAASGFTFSSYWMNWVRQAPGKGLEWVSGIENKYAGGATYYAASVKGRFTISRDNSKNTLYLQMNSLRAEDTAVYYCARGFGTDFWGQGTLVTVSSASTKGPSVFPLAPSSGGTAALGCLVKDYFPEPVTVSWNSGALTSGVHTFPAVLQSSGLYSLSSVVTVPSSSLGTQTYICNVNHKPSNTKVDKKVEPKDIELTQPPSVSVAPGQTARISCSGDSIGKKYAYWYQQKPGQAPVLVIYKKRPSGIPERFSGSNSGNTATLTISGTQAEDEADYYCSAWGDKGMVFGGGTKLTVLGQPKAAPSVTLFPPSSEELQANKATLVCLISDFYPGAVTVAWKADSSPVKAGVETTTPSKQSNNKYAASSYLSLTPEQWKSHRSYSCQVTHEGSTVEKTVAP,STQPWEHVNAIQEARRLLNLSRTAAEMNETVEVISEMFDLQEPTCLQTRLELYKQGLRGSLTKLKGPLTMMASHYKQHCPPTPETSCATQIITFESFKENLKDFLLVIPFDCWEP,Affinity Benchmark v5.5
87,1KLU,5.337242168318426,EHVIIQAEFYLNPDQSGEFMFDFDGDEIFHVDMAKKETVWRLEEFGRFASFEAQGALANIAVDKANLEIMTKRSNYTPITNVPPEVTVLTNSPVELREPNVLICFIDKFTPPVVNVTWLRNGKPVTTGVSETVFLPREDHLFRKFHYLPFLPSTEDVYDCRVEHWGLDEPLLKHWEFDAGDTRPRFLWQLKFECHFFNGTERVRLLERCIYNQEESVRFDSDVGEYRAVTELGRPDAEYWNSQKDLLEQRRAAVDTYCRHNYGVGESFTVQRRVEPKVTVYPSKTQPLQHHNLLVCSVSGFYPGSIEVRWFRNGQEEKAGVVSTGLIQNGDWTFQTLVMLETVPRSGEVYTCQVEHPSVTSPLTVEWRA,ESQPDPMPDDLHKSSEFTGTMGNMKYLYDDHYVSATKVKSVDSFFKWDLIYNISDKKLKNYDKVKTELLNEDLAKKYKDEVVDVYGSNYYVNCYFSGGKTCMYGGITKHEGNHFDNGNLQNVLVRVYENKRNTISFEVQTDKKSVTAQELDIKARNFLINKKNLYEFNSSPYETGYIKFIENNGNTFWYDMMPAPGDKFDQSKYLMMYNDNKTVDSKSVKIEVHLTTKNG,Affinity Benchmark v5.5
88,1QA9,5.045757490560675,TNALETWGALGQDINLDIPSFQMSDDIDDIKWEKTSDKKKIAQFRKEKETFKEKDTYELLKNGALKIKHLKTDDQDIYKVSIYDTKGKNVLEKIFDLKIQER,SSQQIYGVKYGNVTFHVPSNQPLKEVLWKKQKDKVAELENSEFRAFSSFKNRVYLDTKSGSLTIYNLTSSDEDEYEMESPNITDSMKFFLYVGES,Affinity Benchmark v5.5
89,1OC0,9.0,SYVAHLASDFGVRVFQQVAQASKDRNVVFSPYGVASVLAMLQLTTGGETQQQIQAAMGFKIDDKGMAPALRHLYKELMGPWNKDEISTTDAIFVQRDLKLVQGFMPHFFRLFRSTVKQVDFSEVERARFIINDWVKTHTKGMISHLLGTGAVDQLTRLVLVNALYFNGQWKTPFPDSSTHRRLFHKSDGSTVSVPMMAQTNKFNYTEFTTPDGHYYDILELPYHGDTLSMFIAAPYEKEVPLSALTNILSAQLISHWKGNMTRLPRLLVLPKFSLETEVDLRKPLENLGMTDMFRQFQADFTSLSDQEPLHVALALQKVKIEVNESGTVASSAPEEIIIDRPFLFVVRHNPTGTVLFMGQVMEP,ESCKGRCTEGFNVDKKCQCDELCSYYQSCCTDYTAEC,Affinity Benchmark v5.5
90,1ZLI,8.886056647693163,TGHSYEKYNNWETIEAWTQQVATENPALISRSVIGTTFEGRAIYLLKVGKAGQNKPAIFMDCGFHAREWISPAFCQWFVREAVRTYGREIQVTELLNKLDFYVLPVLNIDGYIYTWTKSRFWRKTRSTHTGSSCIGTDPNRNFDAGWCEIGASRNPCDETYCGPAAESEKETKALADFIRNKLSSIKAYLTIHSYSQMMIYPYSYAYKLGENNAELNALAKATVKELASLHGTKYTYGPGATTIYPAAGGSDDWAYDQGIRYSFTFELRDTGRYGFLLPESQIRATCEETFLAIKYVASYVLEHLY,NECVSKGFGCLPQSDCPQEARLSYGGCSTVCCDLSKLTGCKGKGGECNPLDRQCKELQAESASCGKGQKCCVWL,Affinity Benchmark v5.5
91,1PXV,9.508638306165729,GHHHHHHEFDQVQYENTLKNFKIREQQFDNSWAAGFSMAALLNATKNTDTYNAHDIMRTLYPEVSEQDLPNCATFPNQMIEYGKSQGRDIHYQEGVPSYNQVDQLTKDNVGIMILAQSVSQNPNDPHLGHALAVVGNAKINDQEKLIYWNPWDTELSIQDADSSLLHLSFNRDYNWYGSMIGY,GSMYQLQFINLVYDTTKLTHLEQTNINLFIGNWSNHQLQKSICIRHGDDTSHNQYHILFIDTAHQRIKFSSFDNEEIIYILDYDDTQHILMQTSSKQGIGTSRPIVYERLV,Affinity Benchmark v5.5
92,1E6E,6.0655015487564325,EQTPQICVVGSGPAGFYTAQHLLKHHSRAHVDIYEKQLVPFGLVRFGVAPDHPEVKNVINTFTQTARSDRCAFYGNVEVGRDVTVQELQDAYHAVVLSYGAEDHQALDIPGEELPGVFSARAFVGWYNGLPENRELAPDLSCDTAVILGQGNVALDVARILLTPPDHLEKTDITEAALGALRQSRVKTVWIVGRRGPLQVAFTIKELREMIQLPGTRPMLDPADFLGLQDRIKEAARPRKRLMELLLRTATEKPGVEEAARRASASRAWGLRFFRSPQQVLPSPDGRRAAGIRLAVTRLEGIGEATRAVPTGDVEDLPCGLVLSSIGYKSRPIDPSVPFDPKLGVVPNMEGRVVDVPGLYCSGWVKRGPTGVITTTMTDSFLTGQILLQDLKAGHLPSGPRPGSAFIKALLDSRGVWPVSFSDWEKLDAEEVSRGQASGKPREKLLDPQEMLRLLGH,DKITVHFINRDGETLTTKGKIGDSLLDVVVQNNLDIDGFGACEGTLACSTCHLIFEQHIFEKLEAITDEENDMLDLAYGLTDRSRLGCQICLTKAMDNMTVRVPDAVSDARES,Affinity Benchmark v5.5
93,1EWY,5.443697499232713,TQAKAKHADVPVNLYRPNAPFIGKVISNEPLVKEGGIGIVQHIKFDLTGGNLKYIEGQSIGIIPPGVDKNGKPEKLRLYSIASTRHGDDVDDKTISLCVRQLEYKHPESGETVYGVCSTYLTHIEPGSEVKITGPVGKEMLLPDDPEANVIMLATGTGIAPMRTYLWRMFKDAERAANPEYQFKGFSWLVFGVPTTPNILYKEELEEIQQKYPDNFRLTYAISREQKNPQGGRMYIQDRVAEHADELWQLIKNQKTHTYICGLRGMEEGIDAALSAAAAKEGVTWSDYQKDLKKAGRWHVETY,ATFKVTLINEAEGTKHEIEVPDDEYILDAAEEQGYDLPFSCRAGACSTCAGKLVSGTVDQSDQSFLDDDQIEAGYVLTCVAYPTSDVVIQTHKEEDLY,Affinity Benchmark v5.5
94,1NB5,10.161150909262744,YPPSMDWRKKGNFVSPVKNQGSCGSCWTFSTTGALESAVAIATGKMLSLAEQQLVDCAQNFNNHGCQGGLPSQAFEYIRYNKGIMGEDTYPYKGQDDHCKFQPDKAIAFVKDVANITMNDEEAMVEAVALYNPVSFAFEVTNDFLMYRKGIYSSTSCHKTPDKVNHAVLAVGYGEENGIPYWIVKNSWGPQWGMNGYFLIERGKNMCGLAACASYPIPLVEPQNCSAT,MIPGGLSEAKPATPEIQEIVDKVKPQLEEKTNETYGKLEAVQYKTQVVAGTNYYIKVRAGDNKYMHLKVFKSLPGQNEDLVLTGYQVDKNKDDELTGF,Affinity Benchmark v5.5
95,1B6C,6.552841968657781,GVQVETISPGDGRTFPKRGQTCVVHYTGMLEDGKKFDSSRDRNKPFKFMLGKQEVIRGWEEGVAQMSVGQRAKLTISPDYAYGATGHPGIIPPHATLVFDVELLKLE,TTLKDLIYDMTTSGSGSGLPLLVQRTIARTIVLQESIGKGRFGEVWRGKWRGEEVAVKIFSSREERSWFREAEIYQTVMLRHENILGFIAADNKDNGTWTQLWLVSDYHEHGSLFDYLNRYTVTVEGMIKLALSTASGLAHLHMEIVGTQGKPAIAHRDLKSKNILVKKNGTCCIADLGLAVRHDSATDTIDIAPNHRVGTKRYMAPEVLDDSINMKHFESFKRADIYAMGLVFWEIARRCSIGGIHEDYQLPYYDLVPSDPSVEEMRKVVCEQKLRPNIPNRWQSCEALRVMAKIMRECWYANGAARLTALRIKKTLSQLSQQEG,Affinity Benchmark v5.5
96,1ACB,9.69897000433602,CGVPAIQPVLSGLIVNGEEAVPGSWPWQVSLQDKTGFHFCGGSLINENWVVTAAHCGVTTSDVVVAGEFDQGSSSEKIQKLKIAKVFKNSKYNSLTINNDITLLKLSTAASFSQTVSAVCLPSASDDFAAGTTCVTTGWGLTRYANTPDRLQQASLPLLSNTNCKKYWGTKIKDAMICAGASGVSSCMGDSGGPLVCKKNGAWTLVGIVSWGSSTCSTSTPGVYARVTALVNWVQQTLAAN,KSFPEVVGKTVDQAREYFTLHYPQYDVYFLPEGSPVTLDLRYNRVRVFYNPGTNVVNHVPHVG,Affinity Benchmark v5.5
97,5HGG,10.267606240177033,QVQLQESGGGLVQAGGSLRLSCAASGFTLDSYAIGWFRQAPGKEREGVSCISASGGSTNYADSVKGRFTISRDNAKNTVYLQMNSLKSEDTAVYYCAADHPGLCTSESGRRRYLEVWGQGTQVTVSS,IIGGEFTTIENQPWFAAIYRRHRGGSVTYVCGGSLISPCWVISATHCFIDYPKKEDYIVYLGRSRLNSNTQGEMKFEVENLILHKDYSADTLAHHNDIALLKIRSKEGRCAQPSRTIQTIALPSMYNDPQFGTSCEITGFGKEQSTDYLYPEQLKMTVVKLISHRECQQPHYYGSEVTTKMLCAADPQWKTDSCQGDSGGPLVCSLQGRMTLTGIVSWGRGCALKDKPGVYTRVSHFLPWIRSHTK,Affinity Benchmark v5.5
98,5WUX,10.562249437179611,EVQLVESGGGLVQPGGSLRLSCAASGYVFTDYGMNWVRQAPGKGLEWMGWINTYIGEPIYADSVKGRFTFSLDTSKSTAYLQMNSLRAEDTAVYYCARGYRSYAMDYWGQGTLVTVSSASTKGPSVFPLAPTAALGCLVKDYFPEPVTVSWNSGALTSGVHTFPAVLQSSGLYSLSSVVTVPSSSLGTQTYICNVNHKPSNTKVDKKVEPKSDIQMTQSPSSLSASVGDRVTITCKASQNVGTNVAWYQQKPGKAPKALIYSASFLYSGVPYRFSGSGSGTDFTLTISSLQPEDFATYYCQQYNIYPLTFGQGTKVEIKRTVAAPSVFIFPPSDEQLKSGTASVVCLLNNFYPREAKVQWKVDNALQSGNSQESVTEQDSKDSTYSLSSTLTLSKADYEKHKVYACEVTHQGLSSPVTKSFNRGE,SDKPVAHVVANPQAEGQLQWANALLANGVELRDNQLVVPSEGLYLIYSQVLFKGQGCPSTHVLLTHTISRIAVSYQTKVNLLSAIKSPCAKPWYEPIYLGGVFQLEKGDRLSAEINRPDYLDFAESGQVYFGIIALSDKPVAHVVANPQAEGQLQWLNRRANALLANGVELRDNQLVVPSEGLYLIYSQVLFKGQGCPSTHVLLTHTISRIAVSYQTKVNLLSAIKSPCQAKPWYEPIYLGGVFQLEKGDRLSAEINRPDYLDFAESGQVYFGIIALSDKPVAHVVANPQAEGQLQWLNRRANALLANGVELRDNQLVVPSEGLYLIYSQVLFKGQGCPSTHVLLTHTISRIAVSYQTKVNLLSAIKSPCQAKPWYEPIYLGGVFQLEKGDRLSAEINRPDYLDFAESGQVYFGIIAL,Affinity Benchmark v5.5
99,1K5D,9.522878745280336,QVQFKLVLVGDGGTGKTTFVKRHLTGEFEKKYVATLGVEVHPLVFHTNRGPIKFNVWDTAGQEKFGGLRDGYYIQAQCAIIMFDVTSRVTYKNVPNWHRDLVRVCENIPIVLCGNKVDIKDRKVKAKSIVFHRKKNLQYYDISAKSNYNFEKPFLWLARKLIGDPNLEFVAMPALAPPEVVMDPALAAQYEHDLEVAQTTALPDEDNHDPQFEPIVSLPEQEIKTLEEDEEELFKMRAKLFRFASENDLPEWKERGTGDVKLLKHKEKGAIRLLMRRDKTLKICANHYITPMMELKPNAGSDRAWVWNTHADFADECPKPELLAIRFLNAENAQKFKTKFEECRKEIEEREK,ARFSIEGKSLKLDAITTEDEKSVFAVLLEDDSVKEIVLSGNTIGTEAARWLSENIASKKDLEIAEFSDIFTGRVKDEIPEALRLLLQALLKCPKLHTVRLSDNAFGPTAQEPLIDFLSKHTPLEHLYLHNNGLGPQAGAKIARALQELAVNKKAKNAPPLRSIICGRNRLENGSMKEWAKTFQSHRLLHTVKMVQNGIRPEGIEHLLLEGLAYCQELKVLDLQDNTFTHLGSSALAIALKSWPNLRELGLNDCLLSARGAAAVVDAFSKLENIGLQTLRLQYNEIELDAVRTLKTVIDEKMPDLLFLELNGNRFSEEDDVVDEIREVFSTRGRGELDELDDMEE,Affinity Benchmark v5.5
100,1JMO,6.920818753952375,GEEDDDLDLEKIFSEDDDIDIVDSLSVSPTDSDVSAGNILQLFHGKSRIQRLNILNAKFAFNLYRVLKDQVNTFDNIFIAPVGISTAMGMISLGLKGETHEQVHSILHFKDFVNASSKYEITTIHNLFRKLTHRLFRRNFGYTLRSVNDLYIQKQFPILLDFKTKVREYYFAEAQIADFSDPAFISKTNNHIMKLTKGLIKDALENIDPATQMMILNCIYFKGSWVNKFPVEMTHNHNFRLNEREVVKVSMMQTKGNFLAANDQELDCDILQLEYVGGISMLIVVPHKMSGMKTLEAQLTPRVVERWQKSMTNRTREVLLPKFKLEKNYNLVESLKLMGIRMLFDKNGNMAGISDQRIAIDLFKHQGTITVNEEGTQATTVTTVGFMPLSTQVRFTVDRPFLFLIYEHRTSCLLFMGRVANPSRS,IVEGSDAEIGMSPWQVMLFRKSPQELLCGASLISDRWVLTAAHCLLYPPWDKNFTENDLLVRIGKHSRTRYERNIEKISMLEKIYIHPRYNWRENLDRDIALMKLKKPVAFSDYIHPVCLPDRETAASLLQAGYKGRVTGWGNLKETWTANVGKGQPSVLQVVNLPIVERPVCKDSTRIRITDNMFCAGYKPDEGKRGDACEGDAGGPFVMKSPFNNRWYQMGIVSWGEGCDRDGKYGFYTHVFRLKKWIQKVIDQFGEATSEYQTFFNPRTFGSGEADCGLRPLFEKKSLEDKTERELLESYIDG,Affinity Benchmark v5.5
101,6A0Z,7.275724130399211,VQLQQSGAELMKPGASVKISCKATGYTFSGHWIEWVKQRPGHGLEWIGEILPGSGNIHYNEKFKGKATFAADTSSNTAYMQLSSLTSEDSAVYYCARLGTTAVERDWYFDVWGAGTTVTVSLADPSAPSVYPLAPVCGDTTGSSVTLGCLVKGYFPEPVTLTWNSGSLSSGVHTFPAVLQSDLYTLSSSVTVTSSTWPSQSITCNVAHPASSTKVDKKIEPRGDIVMTQSQKFMSASVGDRVSVTCKASQNVGTHLAWYQQKPGQSPKALIYSASYRYSGVPDRFTGSGSGTDFTLTISNVQSGDLADYFCQQYNNFPLTFGAGTKLEIKRADAAPTVSIFPPSSEQLTSGGASVVCFLNNFYPKDINVKWKIDGSERQNGVLNSWTDQDSKDSTYSMSSTLTLTRDEYERHNSYTCEATHKTSTSPIVKSFNRN,HNGKLCDLDGVKPLILRDCSVAGWLLGNPMCDEFINVPEWSYIVEKANPVNDLCYPGDFNDYEELKHLLSRINHFEKIQIIPKSSWSSHEASLGVSSACPYQGKSSFFRNVVWLIKKNSTYPTIKRSYNNTNQEDLLVLWGIHHPNDAAEQTKLYQNPTTYISVGTSTLNQRLVPRIATRSKVNGQSGRMEFFWTILKPNDAINFESNGNFIAPEYAYKIVKKGDSTIMKSELEYGNCNTKCQTPMGAINSSMPFHNIHPLTIGECPKYV,Affinity Benchmark v5.5
102,1MAH,10.602059991327964,EDPQLLVRVRGGQLRGIRLKAPGGPVSAFLGIPFAEPPVGSRRFMPPEPKRPWSGVLDATTFQNVCYQYVDTLYPGFEGTEMWNPNRELSEDCLYLNVWTPYPRPASPTPVLIWIYGGGFYSGAASLDVYDGRFLAQVEGAVLVSMNYRVGTFGFLALPGSREAPGNVGLLDQRLALQWVQENIAAFGGDPMSVTLFGESAGAASVGMHILSLPSRSLFHRAVLQSGTPNGPWATVSAGEARRRATLLARLVGCNDTELIACLRTRPAQDLVDHEWHVLPQESIFRFSFVPVVDGDFLSDTPEALINTGDFQDLQVLVGVVKDEGSYFLVYGVPGFSKDNESLISRAQFLAGVRIGVPQASDLAAEAVVLHYTDWLHPEDPTHLRDAMSAVVGDHNVVCPVAQLAGRLAAQGARVYAYIFEHRASTLTWPLWMGVPHGYEIEFIFGLPLDPSLNYTTEERIFAQRLMKYWTNFARTGDPNDPRDSKSPQWPPYTTAAQQYVSLNLKPLEVRRGLRAQTCAFWNRFLPKLLSAT,TMCYSHTTTSRAILTNCGENSCYRKSRRHPPKMVLGRGCGCPPGDDNLEVKCCTSPDKCNY,Affinity Benchmark v5.5
103,1IBR,9.0,VQFKLVLVGDGGTGKTTFVKRHLTGEFEKKYVATLGVEVHPLVFHTNRGPIKFNVWDTAGQEKFGGLRDGYYIQAQCAIIMFDVTSRVTYKNVPNWHRDLVRVCENIPIVLCGNKVDIKDRKVKAKSIVFHRKKNLQYYDISAKSNYNFEKPFLWLARKLIGDPNLEFV,ELITILEKTVSPDRLELEAAQKFLERAAVENLPTFLVELSRVLANPGNSQVARVAAGLQIKNSLTSKDPDIKAQYQQRWLAIDANARREVKNYVLQTLGTETYRPSSASQCVAGIACAEIPVNQWPELIPQLVANVTNPNSTEHMKESTLEAIGYICQDIDPEQLQDKSNEILTAIIQGMRKEEPSNNVKLAATNALLNSLEFTKANFDKESERHFIMQVVCEATQCPDTRVRVAALQNLVKIMSLYYQYMETYMGPALFAITIEAMKSDIDEVALQGIEFWSNVCDEEMDLAIEASEAAEQGRPPEHTSKFYAKGALQYLVPILTQTLTKQDENDDDDDWNPCKAAGVCLMLLATCCEDDIVPHVLPFIKEHIKNPDWRYRDAAVMAFGCILEGPEPSQLKPLVIQAMPTLIELMKDPSVVVRDTAAWTVGRICELLPEAAINDVYLAPLLQCLIEG,Affinity Benchmark v5.5
104,2OUL,8.769551078621726,QMNYEEVIKKYRGEENFDHAAYDWRLHSGVTPVKDQKNCGSCWAFSSIGSVESQYAIRKNKLITLSEQELVDCSFKNYGCNGGLINNAFEDMIELGGICPDGDYPYVSDAPNLCNIDRCTEKYGIKNYLSVPDNKLKEALRFLGPISISVAVSDDFAFYKEGIFDGECGDQLNHAVMLVGFGMKEIVNPLTKKGEKHYYYIIKNSWGQQWGERGFINIETDESGLMRKCGLGTDAFIPLIE,KVTKAHNGATLTVAVGELVEIQLPSNPTTGFAWYFEGGTKESPNESMFTVENKYFPPDSKLLGAGGTEHFHVTVKAAGTHAVNLTYMRPWTGPSHDSERFTVYLKAN,Affinity Benchmark v5.5
105,4G6M,9.537602002101044,QVQLQESGPGLVKPSQTLSLTCSFSGFSLSTSGMGVGWIRQPSGKGLEWLAHIWWDGDESYNPSLKSRLTISKDTSKNQVSLKITSVTAADTAVYFCARNRYDPPWFVDWGQGTLVTVSSASTKGPSVFPLAPSSKSTSGGTAALGCLVKDYFPEPVTVSWNSGALTSGVHTFPAVLQSSGLYSLSSVVTVPSSSLGTQTYICNVNHKPSNTKVDKRVEPDIQMTQSTSSLSASVGDRVTITCRASQDISNYLSWYQQKPGKAVKLLIYYTSKLHSGVPSRFSGSGSGTDYTLTISSLQQEDFATYFCLQGKMLPWTFGQGTKLEIKRTVAAPSVFIFPPSDEQLKSGTASVVCLLNNFYPREAKVQWKVDNALQSGNSQESVTEQDSKDSTYSLSSTLTLSKADYEKHKVYACEVTHQGLSSPVTKSFNRGE,PVRSLNCTLRDSQQKSLVMSGPYELKALHLQGQDMEQQVVFSMSFVQGEESNDKIPVALGLKEKNLYLSCVLKDDKPTLQLESVDPKNYPKKKMEKRFVFNKIEINNKLEFESAQFPNWYISTSQAENMPVFLGGTKGGQDITDFTMQFV,Affinity Benchmark v5.5
106,2MTA,5.346787486224656,QGQAAARAAAADLAAGQDDEPRILEAPAPDARRVYVNDPAHFAAVTQQFVIDGEAGRVIGMIDGGFLPNPVVADDGSFIAHASTVFSRIARGERTDYVEVFDPVTLLPTADIELPDAPRFLVGTYPWMTSLTPDGKTLLFYQFSPAPAVGVVDLEGKAFKRMLDVPDCYHIFPTAPDTFFMHCRDGSLAKVAFGTEGTPEITHTEVFHPEDEFLINHPAYSQKAGRLVWPTYTGKIHQIDLSSGDAKFLPAVEALTEAERADGWRPGGWQQVAYHRALDRIYLLVDQRDEWRHKTASRFLVVLDAKTGERLAKFEMGHEIDSINVSQDEKPLLYALSTGDKTLYIHDAESGEELRSVNQLGHGPQVITTADMGTDPRAKWVPQDNDIQACDYWRHCSIDGNICDCSGGSLTNCPPGTKLATASVASCYNPTDGQSYLIAYRDCCGYNVSGRCPCLNTEGELPVYRPEFANDIIWCFGAEDDAMTYHCTISPIVGKAS,DKATIPSESPFAAAEVADGAIVVDIAKMKYETPELHVKVGDTVTWINREAMPHNVHFVAGVLGEAALKGPMMKKEQAYSLTFTEAGTYDYHCTPHPFMRGKVVVE,Affinity Benchmark v5.5
107,1FC2,7.638272163982407,FNKEQQNAFYEILHLPNLNEEQRNGFIQSLKDDPSQSANLLAEA,PSVFLFPPKPKDTLMISRTPEVTCVVVDVSHEDPQVKFNWYVDGVQVHNAKTKPREQQYNSTYRVVSVLTVLHQNWLDGKEYKCKVSNKALPAPIEKTISKAKGQPREPQVYTLPPSREEMTKNQVSLTCLVKGFYPSDIAVEWESNGQPENNYKTTPPVLDSDGSFFLYSKLTVDKSRWQQGNVFSCSVMHEALHNHYTQKSLSLS,Affinity Benchmark v5.5
108,5GRJ,10.37571790416433,EVQLLESGGGLVQPGGSLRLSCAASGFTFSSYIMMWVRQAPGKGLEWVSSIYPSGGITFYADTVKGRFTISRDNSKNTLYLQMNSLRAEDTAVYYCARIKLGTVTTVDYWGQGTLVTVSALTQPASVSGSPGQSITISCTGTSSDVGGYNYVSWYQQHPGKAPKLMIYDVSNRPSGVSNRFSGSKSGNTASLTISGLQAEDEADYYCSSYTSSSTRVFGTGTKVTV,AFTVTVPKDLYVVEYGSNMTIECKFPVEKQLDLAALIVYWEMEDKNIIQFVHGEEDLKVQHSSYRQRARLLKDQLSLGNAALQITDVKLQDAGVYRCMISYGGADYKRITVKVNAPYNKINQRILVVDPVTSEHELTCQAEGYPKAEVIWTSSDHQVLSGKTTTTNSEKLFNVTSTLRINTTTNEIFYCTFRRLDPEENHTAELVIPELPLAH,Affinity Benchmark v5.5
109,2GAF,8.920818753952375,NITLKIIETYLGRVPSVNEYHMLKSQARNIQKITVFNKDIFVSLVKKNKKRFFSDVNTSASEIKDRILSYFSKQTQTYNIGKLFTIIELQSVLVTTYTDILGVLTIKAPTSMEELARDMLNSMNVAVIVSSLVKNVNKLMEEYLRRHNKSCICYGSYSLYLINPNIRYGDIDILQTNSRTFLIDLAFLIKFITGNNIILSKIPYLRNYMVIKDENDNHIIDSFNIRQDTMNVVPKIFIDNIYIVDPTFQLLNMIKMFSQIDRLEDLSKDPEKFNARMATMLEYVRYTHGIVFDGKRNNMPMKCIIDENNRIVTVTTKDYFSFKKCLVYLDENVLSSDILDLNADTSCDFESVTNSVYLIHDNIMYTYFSNTILLSDKGKVHEISARGLCAHILLYQMLTSGEYKQCLSDLLNSMMNRDKIPIYSHTERDKKPGRHGFINIEKDIIVF,DVVSLDKPFYFEEIDNELDYEPESKKLPYQGQLKLLLGELFFLSKLQRHGILDGATVVYIGSAPGTHIRYLRDHFYNLGVIIKWLIDGRHHDPILNGLRDVTLVTRFVDEEYLRSIKKQLHPSKIILISDVASPSTADLLSNYALQNVISILNPVASSLKWRCPFPDQWIKDFYIPHGNKLQPFAPSYSAERLLSIYTGENRLTRVTKSDAVNYEKKYYLNKIVRNKVVVNFDYPNQEYDYFHYFLRTVYCNKTFPTTKAKVLFLQQSIFRFLNIP,Affinity Benchmark v5.5
110,1YVB,8.187086643357144,QMNYEEVIKKYRGEENFDHAAYDWRLHSGVTPVKDQKNCGSCWAFSSIGSVESQYAIRKNKLITLSEQELVDCSFKNYGCNGGLINNAFEDMIELGGICPDGDYPYVSDAPNLCNIDRCTEKYGIKNYLSVPDNKLKEALRFLGPISISVAVSDDFAFYKEGIFDGECGDQLNHAVMLVGFGMKEIVNPLTKKGEKHYYYIIKNSWGQQWGERGFINIETDESGLMRKCGLGTDAFIPLIE,RLLGAPVPVDENDEGLQRALQFAMAEYNRASNDKYSSRVVRVISAKRQLVSGIKYILQVEIGRTTCPKSSGDLQSCEFHDEPEMAKYTTCTFVVYSIPWLNQIKLLESKCQ,Affinity Benchmark v5.5
111,1US7,5.823908740944319,ASETFEFQAEITQLMSLIINTVYSNKEIFLRELISNASDALDKIRYKSLSDPKQLETEPDLFIRITPKPEQKVLEIRDSGIGMTKAELINNLGTIAKSGTKAFMEALSAGADVSMIGQFGVGFYSLFLVADRVQVISKSNDDEQYIWESNAGGSFTVTLDEVNERIGRGTILRLFLKDDQLEYLEEKRIKEVIKRHSEFVAYPIQLV,HKTFVEKYEKQIKHFGMLRRWDDSQKYLSDNVHLVCEETANYLVIWCIDLEVEEKCALMEQVAHQTIVMQFILELAKSLKVDPRACFRQFFTKIKTADRQYMEGFNDELEAFKERVRGRAKLRIEKAMKEYEEEERKKRLGPGGLDPVEVYESLPEELQKCMLQDAISKMDPTDAKYHMQRCIDSGLWVPNSKA,Affinity Benchmark v5.5
112,1RLB,6.096910013008056,TGESKCPLMVKVLDAVRGSPAINVAVHVFRKAADDTWEPFASGKTSESGELHGLTTEEQFVEGIYKVEIDTKSYWKALGISPFHEHAEVVFTANDSGPRRYTIAALLSPYSYSTTAVVTNPKESKCPLMVKVLDAVRGSPAINVAVHVFRKAADDTWEPFASGKTSESGELHGLTTEEQFVEGIYKVEIDTKSYWKALGISPFHEHAEVVFTANDSGPRRYTIAALLSPYSYSTTAVVTNPKETGESKCPLMVKVLDAVRGSPAINVAVHVFRKAADDTWEPFASGKTSESGELHGLTTEEQFVEGIYKVEIDTKSYWKALGISPFHEHAEVVFTANDSGPRRYTIAALLSPYSYSTTAVVTNPKESKCPLMVKVLDAVRGSPAINVAVHVFRKAADDTWEPFASGKTSESGELHGLTTEEQFVEGIYKVEIDTKSYWKALGISPFHEHAEVVFTANDSGPRRYTIAALLSPYSYSTTAVVTNPKE,ERDCRVSSFRVKENFDKARFAGTWYAMAKKDPEGLFLQDNIVAEFSVDENGHMSATAKGRVRLLNNWDVCADMVGTFTDTEDPAKFKMKYWGVASFLQKGNDDHWIIDTDYETFAVQYSCRLLNLDGTCADSYSFVFARDPSGFSPQVQKIVRQRQEELCLARQYRLIPHNGYC,Affinity Benchmark v5.5
113,1Z0K,5.113509274827518,TYDFLFKFLVIGNAGTGKSCLLHQFIEKKFKDDSNHTIGVEFGSKIINVGGKYVKLQIWDTAGLERFRSVTRSYYRGAAGALLVYDITSRETYNALTNWLTDARMLASQNIVIILCGNKKDLDADREVTFLEASRFAQENELMFLETSALTGEDVEEAFVQCARKILNK,EGWLPLSGGQGQSEDSDPLLQQIHNITSFIRQAKAAGRMDEVRTLQENLRQLQDEYDQQQT,Affinity Benchmark v5.5
114,2SIC,10.148741651280924,AQSVPYGVSQIKAPALHSQGYTGSNVKVAVIDSGIDSSHPDLKVAGGASMVPSETNPFQDNNSHGTHVAGTVAALNNSIGVLGVAPSASLYAVKVLGADGSGQYSWIINGIEWAIANNMDVINMSLGGPSGSAALKAAVDKAVASGVVVVAAAGNEGTSGSSSTVGYPGKYPSVIAVGAVDSSNQRASFSSVGPELDVMAPGVSIQSTLPGNKYGAYNGTSMASPHVAGAAALILSKHPNWTNTQVRSSLENTTTKLGDSFYYGKGLINVQAAAQ,YAPSALVLTVGKGVSATTAAPERAVTLTCAPGPSGTHPAAGSACADLAAVGGDLNALTRGEDVMCPMVYDPVLLTVDGVWQGKRVSYERVFSNECEMNAHGSSVFAF,Affinity Benchmark v5.5
115,3A4S,5.55129368009492,SMSGIALSRLAQERKAWRKDHPFGFVAVPTKTMNLMNWECAIPGKKGTPWEGGLFKLRMLFKDDYPSSPPKCKFEPPLFHPNVYPSGTVCLSILEEDKDWRPAITIKQILLGIQELLNEPNIQDPAQAEAYTIYCQNRVEYEKRVRAQAKKFAPS,QELRLRVQGKEKHQMLEISLSPDSPLKVLMSHYEEAMGLSGHKLSFFFDGTKLSGKELPADLGLESGDLIEVWG,Affinity Benchmark v5.5
116,3RVW,7.721246399047171,QIVMTQSPFSMYATLGERVTITCKASQDIYSYLSWLQQKPGKSLKTLIYRANRLITGVPSRFSGSGSGQDYSLTISSLEYEDMGIYYCLQYDEFPYTFGGGTKLEMKRADAAPTVSIFPPSSEQLTSGGASVVCFLNNFYPKDINVKWKIDGSERQNGVLNSWTDQDSKDSTYSMSSTLTLTKDEYERHNSYTCEATHKTSTSPIVKSFNREVQLQESGPGLVKPSQSLSLTCTVTGYSITSDYAWNWIRQFPGNKLEWMGYISYSGTTSYNPSLKSRISITRDTSKNQFFLQLNSVTTEDTATYYCGRTGVYRYPERAPYWGQGTLVTVSAAKTTPPSVYPLAPQTNSMVTLGCLVKGYFPEPVTVTWNSGSLSSGVHTFPAVLQSDLYTLSSSVTVPSSTWPSETVTCNVAHPASSTKVDKKIVPRD,TNACSINGNAPAEIDLRQMRTVTPIRMQGGCGSCWAFSGVAATESAYLAYRNQSLDLAEQELVDCASQHGCHGDTIPRGIEYIQHNGVVQESYYRYVAREQSCRRPNAQRFGISNYCQIYPPNVNKIREALAQTHSAIAVIIGIKDLDAFRHYDGRTIIQRDNGYQPNYHAVNIVGYSNAQGVDYWIVRNSWDTNWGDNGYGYFAANIDLMMIEEYPYVVIL,Affinity Benchmark v5.5
117,4M76,6.346787486224656,AMAVDAERLKHLIVTPSGAGEQNMIGMTPTVIAVHYLDETEQWEKFGLEKRQGALELIKKGYTQQLAFRQPSSAFAAFVKRAPSTWLTAYVVKVFSLAVNLIAIDSQVLCGAVKWLILEKQKPDGVFQEDAPVIHQEMIGGLRNNNEKDMALTAFVLISLQEAKDICEEQVNSLPGSITKAGDFLEANYMNLQRSYTVAIAGYALAQMGRLKGPLLNKFLTTAKDKNRWEDPGKQLYNVEATSYALLALLQLKDFDFVPPVVRWLNEQRYYGGGYGSTQATFMVFQALAQYQKDAP,DSDIAFLIDGSGSIIPHDFRRMKEFVSTVMEQLKKSKTLFSLMQYSEEFRIHFTFKEFQNNPNPRSLVKPITQLLGRTHTATGIRKVVRELFNITNGARKNAFKILVVITDGEKFGDPLGYEDVIPEADREGVIRYVIGVGDAFRSEKSRQELNTIASKPPRDHVFQVNNFEALKTIQN,Affinity Benchmark v5.5
118,2HLE,7.397940008672037,AGHHHHHHEETLLNTKLETADLKWVTFPQVDGQWEELSGLDEEQHSVRTYEVCDVQRAPGQAHWLRTGWVPRRGAVHVYATLRFTMLECLSLPRAGRSCKETFTVFYYESDADTATALTPAWMENPYIKVDTVAAEHLTRKRPGAEATGKVNVKTLRLGPLSKAGFYLAFQDQGACMALLSLHLFYKK,IVLEPIYWNSSNSKFLPGQGLVLYPQIGDKLDIICPKVDSKTVQYEYYKVYMVDKDQADRCTIKPLLNCARPDQDVKFTIKFQEFSPNLWGLEFQKNKDYYIISTSNGSLEGLDNQEGGVCQTRAMKILMKVG,Affinity Benchmark v5.5
119,2AQ3,4.920818753952375,AAVTQSPRNKVAVTGEKVTLSCQQTNNHNNMYWYRQDTGHGLRLIHYSYGAGSTEKGDIPDGYKASRPSQEQFSLILESATPSQTSVYFCASGGGGTLYFGAGTRLSVL,SQPDPMPDDLHKSSEFTGTMGNMKYLYDDHYVSATKVKSVDKFLAHDLIYNISDKKLKNYDKVKTELLNEDLAKKYKDEVVDVYGSNYYVNCYFSSKDGKVTGGKTCMYGGITKHEGNHFDNGNLQNVLVRVYENKRNTISFEVQTDKKSVTAQELDIKARNFLINKKNLYEFNSSPYETGYIKFIENNGNTFWYDMMPAPGDKFDQSKYLMMYNDNKTVDSKSVKIEVHLTTK,Affinity Benchmark v5.5
120,1JWH,7.886056647693163,EVSWISWFCGLRGNEFFCEVDEDYIQDKFNLTGLNEQVPHYRQALDMILDLEPDEELEDNPNQSDLIEQAAEMLYGLIHARYILTNRGIAQMLEKYQQGDFGYCPRVYCENQPMLPIGLSDIPGEAMVKLYCPKCMDVYTPKSSRHHHTDGAYFGTGFPHMLFMVHPEYRPKRPANQFVPRLYGFKIHPMAYQLQLQAASSSSEEVSWISWFCGLRGNEFFCEVDEDYIQDKFNLTGLNEQVPHYRQALDMILDLEPDEELEDNPNQSDLIEQAAEMLYGLIHARYILTNRGIAQMLEKYQQGDFGYCPRVYCENQPMLPIGLSDIPGEAMVKLYCPKCMDVYTPKSSRHHHTDGAYFGTGFPHMLFMVHPEYRPKRPANQFVPRLYGFKIHPMAYQLQLQAAS,SGPVPSRARVYTDVNTHRPREYWDYESHVVEWGNQDDYQLVRKLGRGKYSEVFEAINITNNEKVVVKILKPVKKKKIKREIKILENLRGGPNIITLADIVKDPVSRTPALVFEHVNNTDFKQLYQTLTDYDIRFYMYEILKALDYCHSMGIMHRDVKPHNVMIDHEHRKLRLIDWGLAEFYHPGQEYNVRVASRYFKGPELLVDYQMYDYSLDMWSLGCMLASMIFRKEPFFHGHDNYDQLVRIAKVLGTEDLYDYIDKYNIELDPRFNDILGRHSRKRWERFVHSENQHLVSPEALDFLDKLLRYDHQSRLTAREAMEHPYFYTVVKDQARMGSS,Affinity Benchmark v5.5
121,4FQI,9.045757490560677,QVQLVQSGAEVKKPGSSVKVSCKSSGGTSNNYAISWVRQAPGQGLDWMGGISPIFGSTAYAQKFQGRVTISADIFSNTAYMELNSLTSEDTAVYFCARHGNYYYYSGMDVWGQGTTVTVSSASTKGPSVFPLAPGGTAALGCLVKDYFPEPVTVSWNSGALTSGVHTFPAVLQSSGLYSLSSVVTVPSSSLGTQTYICNVNHKPSNTKVDKRVEPSALTQPPAVSGTPGQRVTISCSGSDSNIGRRSVNWYQQFPGTAPKLLIYSNDQRPSVVPDRFSGSKSGTSASLAISGLQSEDEAEYYCAAWDDSLKGAVFGGGTQLTVLGQPKAAPSVTLFPPSSEELQANKATLVCLISDFYPGAVTVAWKADSSPVKAGVETTTPSKQSNNKYAASSYLSLTPEQWKSHRSYSCQVTHEGSTVEKTVAP,DPGDQICIGYHANNSTEQVDTIMEKNVTVTHAQDILEKKHNGKLCDLDGVKPLILRDCSVAGWLLGNPMCDEFINVPEWSYIVEKANPVNDLCYPGDFNDYEELKHLLSRINHFEKIQIIPKSSWSSHEASLGVSSACPYQGKSSFFRNVVWLIKKNSTYPTIKRSYNNTNQEDLLVLWGIHHPNDAAEQTKLYQNPTTYISVGTSTLNQRLVPRIATRSKVNGQSGRMEFFWTILKPNDAINFESNGNFIAPEYAYKIVKKGDSTIMKSELEYGNCNTKCQTPMGAINSSMPFHNIHPLTIGECPKYVKSNRLVLATGLRNSPGLFGAIAGFIEGGWQGMVDGWYGYHHSNEQGSGYAADKESTQKAIDGVTNKVNSIIDKMNTQFEAVGREFNNLERRIENLNKKMEDGFLDVWTYNAELLVLMENERTLDFHDSNVKNLYDKVRLQLRDNAKELGNGCFEFYHKCDNECMESVRNGTYDYPQYSEEARLKREEISSG,Affinity Benchmark v5.5
122,3H2V,4.655607726314889,EFPEQVINQPMMMAARQLHDEARKWSSKGNDIIAAAKRMALLMAEMSRLVRGGSGTKRALIQCAKDIAKASDEVTRLAKEVAKQCTDKRIRTNLLQVCERIPTISTQLKILSTVKATMLGRTNISDEESEQATEMLVHNAQNLMQSVKETVREAEAASIKIRTDAGFTLRWVRK,HMRKILIRGLPGDVTNQEVHDLLSDYELKYCFVDKYKGTAFVTLLNGEQAEAAINAFHQSRLRERELSVQLQPT,Affinity Benchmark v5.5
123,1WQ1,4.769551078621726,MTEYKLVVVGAGGVGKSALTIQLIQNHFVDEYDPTIEDSYRKQVVIDGETCLLDILDTAGQEEYSAMRDQYMRTGEGFLCVFAINNTKSFEDIHQYREQIKRVKDSDDVPMVLVGNKCDLAARTVESRQAQDLARSYGIPYIETSAKTRQGVEDAFYTLVREIRQH,MPEEEYSEFKELILQKELHVVYALSHVCGQDRTLLASILLRIFLHEKLESLLLCTLNDREISMEDEATTLFRATTLASTLMEQYMKATATQFVHHALKDSILKIMESKQSCELSPSKLEKNEDVNTNLTHLLNILSELVEKIFMASEILPPTLRYIYGCLQKSVQHKWPTNTTMRTRVVSGFVFLRLICPAILNPRMFNIISDSPSPIAARTLILVAKSVQNLANLVEFGAKEPYMEGVNPFIKSNKHRMIMFLDELGNVPELPDTTEHSRTDLSRDLAALHEICVAHSDELRTLSNERGAQQHVLKKLLAITELLQQKQ,Affinity Benchmark v5.5
124,3BX7,8.045757490560675,DLIPAPPLSKVPLQQNFQDNQFHGKWYVVGLAGNRILRDDQHPMNMYATIYELKEDKSYNVTSVISSHKKCEYTIATFVPGSQPGEFTLGNIKSYGDKTSYLVRVVSTDYNQYAVVFFKLAEDNAEFFAITIYGRTKELASELKENFIRFSKSLGLPENHIVFPVPIDQCIDG,MHVAQPAVVLASSRGIASFVCEYASPGKATEVRVTVLRQADSQVTEVCAATYMMGNELTFLDDSICTGTSSGNQVNLTIQGLRAMDTGLYICKVELMYPPPYYLGIGNGTQIYVIDPEPC,Affinity Benchmark v5.5
125,1AY7,9.69897000433602,DVSGTVCLSALPPEATDTLNLIASDGPFPYSQDGVVFQNRESVLPTQSYGYYHEYTVITPGARTRGTRRIITGEATQEDYYTGDHYATFSLIDQTC,KKAVINGEQIRSISDLHQTLKKELALPEYYGENLDALWDCLTGWVEYPLVLEWRQFEQSKQLTENGAESVLQVFREAKAEGCDITIILS,Affinity Benchmark v5.5
126,2FJG,7.698970004336019,EVQLVESGGGLVQPGGSLRLSCAASGFTISDYWIHWVRQAPGKGLEWVAGITPAGGYTYYADSVKGRFTISADTSKNTAYLQMNSLRAEDTAVYYCARFVFFLPYAMDYWGQGTLVTVSSASTKGPSVFPLAPSSGTAALGCLVKDYFPEPVTVSWNSGALTSGVHTFPAVLQSSGLYSLSSVVTVPSSSLGTQTYICNVNHKPSNTKVDKKVEPKSCDIQMTQSPSSLSASVGDRVTITCRASQDVSTAVAWYQQKPGKAPKLLIYSASFLYSGVPSRFSGSGSGTDFTLTISSLQPEDFATYYCQQSYTTPPTFGQGTKVEIKRTVAAPSVFIFPPSDEQLKSGTASVVCLLNNFYPREAKVQWKVDNALQSGNSQESVTEQDSKDSTYSLSSTLTLSKADYEKHKVYACEVTHQGLSSPVTKSFNR,VVKFMDVYQRSYCHPIETLVDIFQEYPDEIEYIFKPSCVPLMRCGGCCNDEGLECVPTEESNITMQIMRIKPHQGQHIGEMSFLQHNKCECRPKKVVKFMDVYQRSYCHPIETLVDIFQEYPDEIEYIFKPSCVPLMRCGGCCNDEGLECVPTEESNITMQIMRIKPHQGQHIGEMSFLQHNKCECRPK,Affinity Benchmark v5.5
127,3V6Z,8.481486060122112,EVQLVESGGDLVKPGGSLKLSCAASGFTFSSYGMSWVRQTPDKRLEWVATISSGGNYIYYPDTVKGRFTISRDNAKNTLYLQMSSLKSEDTAMYYCTREGAYSGSSSYPMDYWGQGTSVTVSSAKTTPPSVYPLAPDTTGSSVTLGCLVKGYFPESVTVTWNSGSLSSSVHTFPALLQSGLYTMSSSVTVPSSTWPSQTVTCSVAHPASSTTVDKKLEPSGNIMMTQSPSSLAVSAGEKVTMNCKSSQSVLYSSNQKNYLAWYQQKPGQSPKLLIYWASTRESGVPDRFTGSGSGTDFTLTISSVQTEDLAVYYCHQYLSSYMYTFGGGTKLEIKRADAAPTVSIFPPSSEQLTSGGASVVCFLNNFYPKDINVKWKIDGSERQNGVLNSWTDQDSKDSTYSMSSTLTLTKDEYERHNSYTCEATHKTSTSPIVKSFNRN,CLGWLWGMDIDPYKEFGATVELLSFLPSDFFPSVRDLLDTAAALYRDALESPEHASPHHTALRQAILCWGDLMTLATWVGTNLEDPASRDLVVSYVNTNVGLKFRQLLWFHISALTFGRETVLEYLVSFAVWIRTPPAYRPPNAPILS,Affinity Benchmark v5.5
128,5WHK,8.742321425130816,EVQLLESGGGLVQPGGSLRLSCAASGFTFSEYAMGWVRQAPGKGLEWVSSIGSSGGQTKYADSVKGRFTISRDNSKNTLYLQMNSLRAEDTAVYYCARLAIGDSYWGQGTMVTVSSASTKGPSVFPLAPSGTAALGCLVKDYFPEPVTVSWNSGALTSGVHTFPAVLQSSGLYSLSSVVTVPSSSLGTQTYICNVNHKPSNTKVDKRVEPKQSALTQPASVSGSPGQSITISCTGTGSDVGSYNLVSWYQQHPGKAPKLMIYGDSQRPSGVSNRFSGSKSGNTASLTISGLQAEDEADYYCASYAGSGIYVFGTGTKVTVLGQPKANPTVTLFPPSSEELQANKATLVCLISDFYPGAVTVAWKADGSPVKAGVETTKPSKQSNNKYAASSYLSLTPEQWKSHRSYSCQVTHEGSTVEKTVAP,HLSLLYHLTAVSSPAPGTPAFWVSGWLGPQQYLSYNSLRGEAEPCGAWVSWYWEKETTDLRIKEKLFLEAFKALGGKGPYTLQGLLGCELGPDNTSVPTAKFALNGEEFMNFDLKQGTWGGDWPEALAISQRWQQQDKAANKELTFLLFSCPHRLREHLWKEPPSMRLKARPSSPGFSVLTCSAFSFYPPELQLRFLRNGLAAGTGQGDFGPNSDGSFHASSSLTVKSGDEHHYCCIVQHAGLAQPLRVELESPIQRTPKIQVYSRHPAENGKSNFLNCYVSGFHPSDIEVDLLKNGERIEKVEHSDLSFSKDWSFYLLYYTEFTPTEKDEYACRVNHVTLSQPKIVKWDRDM,Affinity Benchmark v5.5
129,3HI6,5.327902142064283,EVQLLESGGGLVQPGGSLRLSCAASGFTFSRYVMWWVRQAPGKGLEWVSYIWPSGGNTYYADSVKGRFTISRDNSKNTLYLQMNSLRAEDTAVYYCASSYDFWSNAFDIWGQGTMVTVSSASTKGPSVFPLAPSTSESTAALGCLVKDYFPEPVTVSWNSGALTSGVHTFPAVLQSSGLYSLSSVVTVPSSSLGTKTYTCNVDHKPSNTKVDKRVESIQMTQSPSSLSASVGDRVTITCRASQSIGSYLNWYQQKTGKAPKALIYAASSLQSGVPSRFSGSGSGTDFTLTISSLQLEDFATYYCQQSYSTPSFGQGTKVEIKRTVAAPSVFIFPPSDEQLKSGTASVVCLLNNFYPREAKVQWKVDNALQSGNSQESVTEQDSKDSTYSLSSTLTLSKADYEKHKVYACEVTHQGLSSPVTKSFNR,GNVDLVFLFDGSMSLQPDEFQKILDFMKDVMKKCSNTSYQFAAVQFSTSYKTEFDFSDYVKWKDPDALLKHVKHMLLLTNTFGAINYVATEVFREELGARPDATKVLIIITDGEATDSGNIDAAKDIIRYIIGIGKHFQTKESQETLHKFASKPASEFVKILDTFEKLKDLCTELQKKIY,Affinity Benchmark v5.5
130,2OOB,4.221848749616356,LENVDAKIAKLMGEGYAFEEVKRALEIAQNNVEVARSILREFAF,MQIFVKTLTGKTITLEVEPSDTIENVKAKIQDKEGIPPDQQRLIFAGKQLEDGRTLSDYNIQKESTLHLVLR,Affinity Benchmark v5.5
131,1KKL,7.346787486224656,ERRSMHGVLVDIYGLGVLITGDSGVGKSETALELVQRGHRLIADDRVDVYQQDEQTIVGAAPPILSHLLEIRGLGIIDVMNLFGAGAVREDTTISLIVHLENWTPDEQTQLIFDVPVPKITVPVKVGRNLAIIIEVAAMNFRAKSMGYDATKTFEKNLNHLIEHNEEERRSMHGVLVDIYGLGVLITGDSGVGKSETALELVQRGHRLIADDRVDVYQQDEQTIVGAAPPILSHLLEIRGLGIIDVMNLFGAGAVREDTTISLIVHLENWTPGEQTQLIFDVPVPKITVPVKVGRNLAIIIEVAAMNFRAKSMGYDATKTFEKNLNHLIEHNEAERRSMHGVLVDIYGLGVLITGDSGVGKSETALELVQRGHRLIADDRVDVYQQDEQTIVGAAPPILSHLLEIRGLGIIDVMNLFGAGAVREDTTISLIVHLENWTPDEQTQLIFDVPVPKITVPVKVGRNLAIIIEVAAMNFRAKSMGYDATKTFEKNLNHLIEHNEE,QKTFKVTADSGIHARPATVLVQTASKYDADVNLEYNGKTVNLKSIMGVMSLGIAKGAEITISASGADENDALNALEETMKSERLGE,Affinity Benchmark v5.5
132,1PPE,11.522878745280336,IVGGYTCGANTVPYQVSLNSGYHFCGGSLINSQWVVSAAHCYKSGIQVRLGEDNINVVEGNEQFISASKSIVHPSYNSNTLNNDIMLIKLKSAASLNSRVASISLPTSCASAGTQCLISGWGNTKSSGTSYPDVLKCLKAPILSDSSCKSAYPGQITSNMFCAGYLEGGKDSCQGDSGGPVVCSGKLQGIVSWGSGCAQKNKPGVYTKVCNYVSWIKQTIASN,RVCPRILMECKKDSDCLAECVCLEHGYCG,Affinity Benchmark v5.5
133,3SZK,7.045275209020937,VLSPADKTNVKAAWGKVGAHAGEYGAEALERMFLSFPTTKTYFPHFDLSHGSAQVKGHGKKVADALTNAVAHVDDMPNALSALSDLHAHKLRVDPVNFKLLSHCLLVTLAAHLPAEFTPAVHASLDKFLASVSTVLTSKYTALWGKVNVDEVGGEALGRLLVVYPWTQRFFESFGDLSTPDAVMGNPKVKAHGKKVLGAFSDGLAHATLSELHCDKLHVDPENFRLLGNVLVCVLAHHFGKEFTPPVQAAYQKVVAGVANALA,SLKDAIKDPALENKEHDIGPREQVNFQLLDKNNETQYYHFFSIKDPADVYYTKKKAEVELDINTASTWKKFEVYENNQKLPVRLVSYSPVPEDHAYIRFPVSDGTQELKIVSSTQIDDGEETNYDYTKLVFAKPIYNDPSL,Affinity Benchmark v5.5
134,1I4D,5.522878745280337,QAIKCVVVGDGAVGKTCLLISYTTNAFPGEYIPTVFDNYSANVMVDGKPVNLGLWDTAGQEDYDRLRPLSYPQTDVFLICFSLVSPASFENVRAKWYPEVRHHCPNTPIILVGTKLDLRDDKDTIEKLKEKKLTPITYPQGLAMAKEIGAVKYLECSALTQRGLKTVFDEAIRAVLC,SRTVDLELELQIELLRETKRKYESVLQLGRALTAHLYSLLQTQHALGDAFADLSQKSPELQEEFGYNAETQKLLCKNGETLLGAVNFFVSSINTLVTKTMEDTLMTVKQYEAARLEYDAYRTDLEELSESAQATFQAHRDKYEKLRGDVAIKLKFLEENKIKVMHKQLLLFHNAVSAYFAGNQKQLEQVDLELELQIELLRETKRKYESVLQLGRALTAHLYSLLQTQHALGDAFADLSQKSPELQEEFGYNAETQKLLCKNGETLLGAVNFFVSSINTLVTKTMEDTLMTVKQYEAARLEYDAYRTDLEESAQATFQAHRDKYEKLRGDVAIKLKFLEENKIKVMHKQLLLFHNAVSAYFAGNQKQLEQTLQ,Affinity Benchmark v5.5
135,1GLA,4.958607314841775,KYIVALDQGTTSSRAVVMDHDANIISVSQREFEQIYPKPGWVEHDPMEIWATQSSTLVEVLAKADISSDQIAAIGITNQRETTIVWEKETGKPIYNAIVWQCRRTAEICEHLKRDGLEDYIRSNTGLVIDPYFSGTKVKWILDHVEGSRERARRGELLFGTVDTWLIWKMTQGRVHVTDYTNASRTMLFNIHTLDWDDKMLEVLDIPREMLPEVRRSSEVYGQTNIIPISGIAGDQQAALFGQLCVKEGMAKNTYGTGCFMLMNTGEKAVKSENGLLTTIACGPTGEVNYALEGAVFMAGASIQWLRDEMKLINDAYDSEYFATKVQNTNGVYVVPAFTGLGAPYWDPYARGAIFGLTRGVNANHIIRATLESIAYQTRDVLEAMQADSGIRLHALRVDGGAVANNFLMQFQSDILGTRVERPEVREVTALGAAYLAGLAVGFWQNLDELQEKAVIEREFRPGIETTERNYRYAGWKKAVKRAMAWEEH,GLFDKLKSLVSTIEIIAPLSGEIVNIEDVPDVVFAEKIVGDGIAIKPTGNKMVAPVDGTIGKIFETNHAFSIESDSGVELFVHFGIDTVELKGEGFKRIAEEGQRVKVGDTVIEFDLPLLEEKAKSTLTPVVISNMDEIKELIKLSGSVTVGETPVIRIKK,Affinity Benchmark v5.5
136,1BUH,7.113509274827518,MENFQKVEKIGEGTYGVVYKARNKLTGEVVALKKIRLDTTAIREISLLKELNHPNIVKLLDVIHTENKLYLVFEFLHQDLKKFMDASALTGIPLPLIKSYLFQLLQGLAFCHSHRVLHRDLKPQNLLINTEGAIKLADFGLARAFGVPVRTYTHEVVTLWYRAPEILLGCKYYSTAVDIWSLGCIFAEMVTRRALFPGDSEIDQLFRIFRTLGTPDEVVWPGVTSMPDYKPSFPKWARQDFSKVVPPLDEDGRSLLSQMLHYDPNKRISAKAALAHPFFQDVTKPVP,QIYYSDKYDDEEFEYRHVMLPKDIAKLVPKTHLMSESEWRNLGVQQSQGWVHYMIHEPEPHILLFRRPLP,Affinity Benchmark v5.5
137,3K75,6.958607314841775,DDTSSSINFLTRVTGIGPSAARKLVDEGIKTLEDLRKNEDKLNHHQRIGLKYFEDFEKRIPREEMLQMQDIVLNEVKKLDPEYIATVCGSFRRGAESSGDMDVLLTHPNFTSESSKQPKLLHRVVEQLQKVRFITDTLSKGETKFMGVCQLPSENDENEYPHRRIDIRLIPKDQYYCGVLYFTGSDIFNKNMRAHALEKGFTINEYTIRPLGVTGVAGEPLPVDSEQDIFDYIQWRYREPKDRSEHHH,PEIRLRHVVSCSSQDSTHCAENLLKADTRKWRAAKAGEKTISVVLQLEKEEQIHSVDIGNDGSAFVEVLVGSSAGGAGEQDYEVLLVTSSFMSPSESRSGSNPNRVRMFGPDKLVRAAAEKRWDRVKIVCSQPYSKDSPFGLSFVRFHSPP,Affinity Benchmark v5.5
138,2HQS,7.568636235841013,VRIVIDSGVDSGRPIGVVPFQWAGPGAAPEDIGGIVAADLRNSGKFNPLDRARLPQQPGSAQEVQPAAWSALGIDAVVVGQVTPNPDGSYNVAYQLVDTGGAPGTVLAQNSYKVNKQWLRYAGHTASDEVFEKLTGIKGAFRTRIAYVVQTNGGQFPYELRVSDYDGYNQFVVHRSPQPLMSPAWSPDGSKLAYVTFESGRSALVIQTLANGAVRQVASFPRHNGAPAFSPDGSKLAFALSKTGSLNLYVMDLASGQIRQVTDGRSNNTEPTWFPDSQNLAFTSDQAGRPQVYKVNINGGAPQRITWEGSQNQDADVSSDGKFMVMVSSNGGQQHIAKQDLATGGVQVLSSTFLDETPSLAPNGTMVIYSSSQGMGSVLNLVSTDGRFKARLPATDGQVKFPAWSPYLHHHH,QNNIVYFDLDKYDIRSDFAQMLDAHANFLRSNPSYKVTVEGHADERGTPEYNISLGERRANAVKMYLQGKGVSADQISIVSYGKEKPAVLGHDEAAYSKNRRAVLVYL,Affinity Benchmark v5.5
139,1OPH,8.301029995663981,HPTFNKITPNLAEFAFSLYRQLAHQSNSTNILFSPVSIAAAFAMLSLGAKGDTHDEILEGLNFNLTEIPEAQIHEGFQELLRTLNQPDSQLQLTTGNGLFLSEGLKLVDKFLEDVKKLYHSEAFTVNFGDTEEAKKQINDYVEKGTQGKIVDLVKELDRDTVFALVNYIFFKGKWERPFEVKDTEEEDFHVDQVTTVKVPMMKRLGMFNIQHSKKLSSWVLLMKYLGNATAIFFLPDEGKLQHLENELTHDIITKFLENEDRRSASLHLPKLSITGTYDLKSVLGQLGITKVFSNGADLSGVTEEAPLKLSKAVHKAVLTIDEKGTEAAGAMFLEAIPRSIPPEVKFNKPFVFLIIEQNTKAPLFMGRVVNPTQK,IVGGYTCGANTVPYQVSLNSGYHFCGGSLINSQWVVSAAHCYKSGIQVRLGEDNINVVEGNEQFISASKSIVHPSYNSNTLNNDIMLIKLKSAASLNSRVASISLPTSCASAGTQCLISGWGNTKSSGTSYPDVLKCLKAPILSDSSCKSAYPGQITSNMFCAGYLEGGKDSCQGDAGGPVVCSGKLQGIVSWGSGCAQKNKPGVYTKVCNYVSWIKQTIASN,Affinity Benchmark v5.5
140,3L89,6.546681659952962,DSINTLWTGIKPPPNCQIVENTDTNDGKLTLVLVKNGGLVNGYVSLVGVSDTVNQMFTQKSATIQLRLYFDSSGNLLTDESNLKIPLKNKSSSKAFMPSTTAYPFNTTRDSENYIHGICYYMTSYDRSLVPLNISIMLNSRTISSNVAYAIQFEWNLNAKESPESNIATLTTSPFFFSYIREDINTLWTGIKPPPNCQIVENTDTNDGKLTLVLVKNGGLVNGYVSLVGVSDTVNQMFTQKSATIQLRLYFDSSGNLLTDESNLKIPLKNKSSSKAFMPSTTAYPFNTTTRDSENYIHGICYYMTSYDRSLVPLNISIMLNSRTISSNVAYAIQFEWNLNAKESPESNIATLTTSPFFFSYIREDDNSINTLWTGIKPPPNCQIVENTDTNDGKLTLVLVKNGGLVNGYVSLVGVSDTVNQMFTQKSATIQLRLYFDSSGNLLTDESNLKIPLKNKSSSKAFMPSTTAYPFNTTTRDSENYIHGICYYMTSYDRSLVPLNISIMLNSRTISSNVAYAIQFEWNLNAKESPESNIATLTTSPFFFSYIREDD,CEEPPTFEAMELIGKPKPYYEIGERVDYKCKKGYFYIPPLATHTICDRNHTWLPVSDDACYRETCPYIRDPLNGQAVPANGTYEFGYQMHFICNEGYYLIGEEILYCELKGSVAIWSGKPPICEKV,Affinity Benchmark v5.5
141,1HIA,7.886056647693163,IIGGRECEKNSHPWQVAIYHYSSFQCGGVLVNPKWVLTAAHCKNDNYEVWLGRHNLFENENTAQFFGVTADFPHPGFNLSGKDYSHDLMLLRLQSPAKITDAVKVLELPTQEPELGSTCEASGWGSIEPGPDDFEFPDEIQCVQLTLLQNTFCADAHPDKVTESMLCAGYLPGGKDTCMGDSGGPLICNGMWQGITSWGHTPCGSANKPSIYTKLIFYLDWIDDTITENP,TCGGETCSAAQVCLKGKCVCNEVHCRIRCKYGLKKDENGCEYPCSCAK,Affinity Benchmark v5.5
142,2B4J,7.958607314841775,CSPGIWQLDCTHLEGKVILVAVHVASGYIEAEVIPAETGQETAYFLLKLAGRWPVKTVHTDNGSNFTSTTVKAACWWAGIKQEFVIESMNKELKKIIGQVRDQAEHLKTAVQMAVFIHNKKSAGERIVDIIATDISPGIWQLDCTHLEGKVILVAVHVASGYIEAEVIPAETGQETAYFLLKLAGRWPVKTVHTDNGSNFTSTTVKAACWWAGIKQEFGIPYNPQSQGVIESMNKELKKIIGQVRDQAEHLKTAVQMAVFIHNKKRSAGERIVDIIATDI,GSSMDSRLQRIHAEIKNSLKIDNLDVNRCIEALDELASLQVTMQQAQKHTEMITTLKKIRRFKVSQVIMEKSTMLYNKFKNM,Affinity Benchmark v5.5
143,1WDW,8.602059991327963,MWFGEFGGQYVPETLIEPLKELEKAYKRFKDDEEFNRQLNYYLKTWAGRPTPLYYAKRLTEKIGGAKIYLKREDLVHGGAHKTNNAIGQALLAKFMGKTRLIAETGAGQHGVATAMAGALLGMKVDIYMGAEDVERQKMNVFRMKLLGANVIPVNSGSRTLKDAINEALRDWVATFEYTHYLIGSVVGPHPYPTIVRDFQSVIGREAKAQILEAEGQLPDVIVACVGGGSNAMGIFYPFVNDKKVKLVGVEAGGKGLESGKHSASLNAGQVGVFHGMLSYFLQDEEGQIKPTHSIAPGLDYPGVGPEHAYLKKIQRAEYVTVTDEEALKAFHELSRTEGIIPALESAHAVAYAMKLAKEMSRDEIIIVNLSGRGDKDLDIVLKVSMWFGEFGGQYVPETLIEPLKELEKAYKRFKDDEEFNRQLNYYLKTWAGRPTPLYYAKRLTEKIGGAKIYLKREDLVHGGAHKTNNAIGQALLAKFMGKTRLIAETGAGQHGVATAMAGALLGMKVDIYMGAEDVERQKMNVFRMKLLGANVIPVNSGSRTLKDAINEALRDWVATFEYTHYLIGSVVGPHPYPTIVRDFQSVIGREAKAQILEAEGQLPDVIVACVGGGSNAMGIFYPFVNDKKVKLVGVEAGGKGLESGKHSASLNAGQVGVFHGMLSYFLQDEEGQIKPTHSIAPGLDYPGVGPEHAYLKKIQRAEYVTVTDEEALKAFHELSRTEGIIPALESAHAVAYAMKLAKEMSRDEIIIVNLSGRGDKDLDIVLKVS,MFKDGSLIPYLTAGDPDKQSTLNFLLALDEYAGAIELGIPFSDPIADGKTIQESHYRALKNGFKLREAFWIVKEFRRHSSTPIVLMTYYNPIYRAGVRNFLAEAKASGVDGILVVDLPVFHAKEFTEIAREEGIKTVFLAAPNTPDERLKVIDDMTTGFVYLVSLYEEIPKTAYDLLRRAKRICRNKVAVGFGVSKREHVVSLLKEGANGVVVGSALVKIIGEKGREATEFLKKKVEELLG,Affinity Benchmark v5.5
144,1XU1,8.193820026016112,KHSVLHLVPVNITSKADSDVTEVMWQPVLRRGRGLEAQGDIVRVWDTGIYLLYSQVLFHDVTFTMGQVVSREGQGRRETLFRCIRSMPSDPDRAYNSCYSAGVFHLHQGDIITVKIPRANAKLSLSPHGTFLGFVKLKHSVLHLVPVNITSKADSDVTEVMWQPVLRRGRGLEAQGDIVRVWDTGIYLLYSQVLFHDVTFTMGQVVSREGQGRRETLFRCIRSMPSDPDRAYNSCYSAGVFHLHQGDIITVKIPRANAKLSLSPHGTFLGFVKLKHSVLHLVPVNITSKADSDVTEVMWQPVLRRGRGLEAQGDIVRVWDTGIYLLYSQVLFHDVTFTMGQVVSREGQGRRETLFRCIRSMPSDPDRAYNSCYSAGVFHLHQGDIITVKIPRANAKLSLSPHGTFLGFVKL,CRKEQGKFYDHLLRDCISCASICGQHPKQCAYFCENKLR,Affinity Benchmark v5.5
145,1F34,10.0,IGDEPLENYLDTEYFGTIGIGTPAQDFTVIFDTGSSNLWVPSVYCSSLACSDHNQFNPDDSSTFEATQELSITYGTGSMTGILGYDTVQVGGISDTNQIFGLSETEPGSFLYYAPFDGILGLAYPSISASGATPVFDNLWDQGLVSQDLFSVYLSSNDDSGSVVLLGGIDSSYYTGSLNWVPVSVEGYWQITLDSITMDGETIACSGGCQAIVDTGTSLLTGPTSAIANIQSDIGASENSDGEMVISCSSIDSLPDIVFTINGVQYPLSPSAYILQDDDSCTSGFEGMDVPTSSGELWILGDVFIRQYYTVFDRANNKVGLAPVA,QFLFSMSTGPFICTVKDNQVFVANLPWTMLEGDDIQVGKEFAARVEDCTNVKHDMAPTCTKPPPFCGPQDMKMFNFVGCSVLGNKLFIDQKYVRDLTAKDHAEVQTFREKIAAFEEQQENQPPAGGLSPPPPPSFCTV,Affinity Benchmark v5.5
146,1GPW,8.301029995663981,MLAKRIIACLNVKDGRVVKGTNFENLRDSGDPVELGKFYSEIGIDELVFLDITASVEKRKTMLELVEKVAEQIDIPFTVGGGIHDFETASELILRGADKVSINTAAVENPSLITQIAQTFGSQAVVVAIDAKRVDGEFMVFTYSGKKNTGILLRDWVVEVEKRGAGEILLTSIDRDGTKSGYDTEMIRFVRPLTTLPIIASGGAGKMEHFLEAFLAGADAALAASVFHFREIDVRELKEYLKKHGVNVRLEGL,MRIGIISVGPGNIMNLYRGVKRASENFEDVSIELVESPRNDLYDLLFIPGVGHFGEGMRRLRENDLIDFVRKHVEDERYVVGVCLGMQLLFEESEEAPGVKGLSLIEGNVVKLRSRRLPHMGWNEVIFKDTFPNGYYYFVHTYRAVCEEEHVLGTTEYDGEIFPSAVRKGRILGFQFHPEKSSKIGRKLLEKVIECSLSRR,Affinity Benchmark v5.5
147,1PVH,7.096910013008056,GLPPEKPKNLSCIVNEGKKMRCEWDGGRETHLETNFTLKSEWATHKFADCKAKRDTPTSCTVDYSTVYFVNIEVWVEAENALGKVTSDHINFDPVYKVKPNPPHNLSVINSEELSSILKLTWTNPSIKSVIILKYNIQYRTKDASTWSQIPPEDTASTRSSFTVQDLKPFTEYVFRIRCMKEDGKGYWSDWSEEASGITYE,CAIRHPCHNNLMNQIRSQLAQLNGSANALFILYYTAQGEPFPNNLDKLCGPNVTDFPPFHANGTEKAKLVELYRIVVYLGTSLGNITRDQKILNPSALSLHSKLNATADILRGLLSNVLCRLCSKYHVGHVDVTYGPDTSGKDVFQKKKLGCQLLGKYKQIIAVLAQAF,Affinity Benchmark v5.5
148,6B0S,6.749579997691106,EVQLQESGGGLVKPGGSLRLSCAASGFTFSSYSMNWVRQAPGKGLEWVSSITSSSSYIYYADSVKGRFTISRDNAKNSLYLQMNSLRAEDTAVYYCARDPGIAAADNHWFDPWGQGTLVTVSSASTKGPSVFPLAPSTAALGCLVKDYFPEPVTVSWNSGALTSGVHTFPAVLQSSGLYSLSSVVTVPSSSLGTQTYICNVNHKPSNTKVDKRVEPKYELTQPPSVSVSPGQTASITCSGDKLGDKYACWYQQKPGQSPVVVIYQDTKRPSGIPERFSGSNSGNTATLTISGTQAMDEADYYCQAWDSSTVVFGGGTKLTVLGQPKAAPSVTLFPPSSEELQANKATLVCLISDFYPGAVTVAWKADSSPVKAGVETTTPSKQSNNKYAASSYLSLTPEQWKSHRSYSCQVTHEGSTVEKTVAPTEC,EPSDKHIKEYLNKIQNSLSTEWSPCSVTCGNGIQVRIKPGSANKPKDELDYANDIEKKICKMEKC,Affinity Benchmark v5.5
149,1ZM4,5.886056647693163,VAFTVDQMRSLMDKVTNVRNMSVIAHVDHGKSTLTDSLVQRAGIISAGITIKSTAISLYSEMSDEDVKEIKQKTDGNSFLINLIDSPGHVDFSSEVTAALRVTDGALVVVDTIEGVCVQTETVLRQALGERIKPVVVINKVDRALLELQVSKEDLYQTFARTVESVNVIVSTYADEVLGDVQVYPARGTVAFGSGLHGWAFTIRQFATRYAKKFGVDKAKMMDRLWGDSFFNPKTKKWTNKDTDAEGKPLERAFNMFILDPIFRLFTAIMNFKKDEIPVLLEKLEIVLKGDEKDLEGKALLKVVMRKFLPAADALLEMIVLHLPSPVTAQAYRAEQLYEGPADDANCIAIKNCDPKADLMLYVSKMVPTSDKGRFYAFGRVFAGTVKSGQKVRIQGPNYVPGKKDDLFIKAIQRVVLMMGRFVEPIDDCPAGNIIGLVGIDQFLLKTGTLTTSETAHNMKVMKFSVSPVVQVAVEVKNANDLPKLVEGLKRLSKSDPCVLTYMSESGEHIVAGTGELHLEICLQDLEHDHAGVPLKISPPVVAYRETVESESSQTALSKSPNKHNRIYLKAEPIDEEVSLAIENGIINPRDDFKARARIMADDYGWDVTDARKIWCFGPDGNGPNLVIDQTKAVQYLHEIKDSVVAAFQWATKEGPIFGEEMRSVRVNILDVTLHADAIRGGGQIIPTMRRATYAGFLLADPKIQEPVFLVEIQCPEQAVGGIYSVLNKKRGQVVSEEQRPGTPLFTVKAYLPVNESFGFTGELRQATGGQAFPQMVFDHWSTLGSDPLDPTSKAGEIVLAARKRHGMKEEVPGWQEYYDKL,EFLGDGGDVSFSTRGTQNWTVERLLQAHRQLEERGYVFVGYHGTFLEAAQSIVFGGVRARSQDLDAIWRGFYIAGDPALAYGYAQDQEPDARGRIRNGALLRVYVPRSSLPGFYRTSLTLAAPEAAGEVERLIGHPLPLRLDAITGPEEEGGRLETILGWPLAERTVVIPSAIPTDPRNVGGDLDPSSIPDKEQAISALPDYASQPG,Affinity Benchmark v5.5
150,1H1V,7.602059991327962,TTALVCDNGSGLVKAGFAGDDAPRAVFPSIVGRPRHMVGMGQKDSYVGDEAQSKRGILTLKYPIEHGIITNWDDMEKIWHHTFYNELRVAPEEHPTLLTEAPLNPKANREKMTQIMFETFNVPAMYVAIQAVLSLYASGRTTGIVLDSGDGVTHNVPIYEGYALPHAIMRLDLAGRDLTDYLMKILTERGYSFVTTAEREIVRDIKEKLCYVALDFENEMATAASSSSLEKSYELPDGQVITIGNERFRCPETLFQPSFIGMESAGIHETTYNSIMKCDIDIRKDLYANNVMSGGTTMYPGIADRMQKEITALAPSTMKIKIIAPPERKYSVWIGGSILASLSTFQQMWITKQEYDEAGPSIVHRKCF,MDDDGTGQKQIWRIEGSNKVPVDPATYGQFYGGDSYIILYNYRHGQIIYNWQGAQSTQDEVAASAILTAQLDEELGGTPVQSRVVQGKEPAHLMSLFGGKPMIIYKGGTSREGGQTAPASTRLFQVRANSAGATRAVEVLPKAGALNSNDAFVLKTPSAAYLWVGTGASEAEKTGAQELLRVLRAQPVQVAEGSEPDGFWEALGGKAAYRTSPRLKDKKMDAHPPRLFACSNKIGRFVIEEVPGELMQEDLATDDVMLLDTWDQVFVWVGKDSQEEEKTEALTSAKRYIETDPANRDRRTPITVVKQGFEPPSFVGWFLGWDDDYWS,Affinity Benchmark v5.5
151,4CPA,8.301029995663981,ARSTNTFNYATYHTLDEIYDFMDLLVAQHPELVSKLQIGRSYEGRPIYVLKFSTGGSNRPAIWIDLGIHSREWITQATGVWFAKKFTENYGQNPSFTAILDSMDIFLEIVTNPNGFAFTHSENRLWRKTRSVTSSSLCVGVDANRNWDAGFGKAGASSSPCSETYHGKYANSEVEVKSIVDFVKNHGNFKAFLSIHSYSQLLLYPYGYTTQSIPDKTELNQVAKSAVAALKSLYGTSYKYGSIITTIYQASGGSIDWSYNQGIKYSFTFELRDTGRYGFLLPASQIIPTAQETWLGVLTIMEHTVNN,HADPICNKPCKTHDDCSGAWFCQACWNSARTCGPYV,Affinity Benchmark v5.5
152,4IZ7,6.876148359032914,PEMVRGQVFDVGPRYTNLSYIGEGAYGMVCSAYDNVNKVRVAIKKISPFEHQTYCQRTLREIKILLRFRHENIIGINDIIRAPTIEQMKDVYIVQDLMETDLYKLLKTQHLSNDHICYFLYQILRGLKYIHSANVLHRDLKPSNLLLNTTCDLKICDFGLARVADPDHTEYVATRWYRAPEIMLNSKGYTKSIDIWSVGCILAEMLSNRPIFPGKHYLDQLNHILGILGSPSQEDLNCIINLKARNYLLSLPHKNKVPWNRLFPNADSKALDLLDKMLTFNPHKRIEVEQALAHPYLEQYYDPSDEPIAEAPFKFDMELDDLPKEKLKELIFEETARFQPGYRS,GMAEYGTLLQDLTNNITLEDLEQLKSACKEDIPSEKSEEITTGSAWFSFLESHNKLDKDNLSYIEHIFEISRRPDLLTMVVDYRTRVLKI,Affinity Benchmark v5.5
153,1F6M,5.568636235841013,GTTKHSKLLILGSGPAGYTAAVYAARANLQPVLITGMEKGGQLTTTTEVENWPGDPNDLTGPLLMERMHEHATKFETEIIFDHINKVDLQNRPFRLNGDNGEYTCDALIIATGASARYLGLPSEEAFKGRGVSASATCDGFFYRNQKVAVIGGGNTAVEEALYLSNIASEVHLIHRRDGFRAEKILIKRLMDKVENGNIILHTNRTLEEVTGDQMGVTGVRLRDTQNSDNIESLDVAGLFVAIGHSPNTAIFEGQLELENGYIKVQSGIHGNATQTSIPGVFAAGDVMDHIYRQAITSAGTGCMAALDAERYLDGLADAK,SDKIIHLTDDSFDTDVLKADGAILVDFWAEWCGPSKMIAPILDEIADEYQGKLTVAKLNIDQNPGTAPKYGIRGIPTLLLFKNGEVAATKVGALSKGQLKEFLDANLA,Affinity Benchmark v5.5
154,1E96,5.568636235841013,PQAIKCVVVGDGAVGKTCLLISYTTNAFPGEYIPTVFDNYSANVMVDGKPVNLGLWDTAGLEDYDRLRPLSYPQTDVFLICFSLVSPASFENVRAKWYPEVRHHCPNTPIILVGTKLDLRDDKDTIEKLKEKKLTPITYPQGLAMAKEIGAVKYLECSALTQRGLKTVFDEAIRAVLC,SLVEAISLWNEGVLAADKKDWKGALDAFSAVQDPHSRICFNIGCMYTILKNMTEAEKAFTRSINRDKHLAVAYFQRGMLYYQTEKYDLAIKDLKEALIQLRGNQLIDYKILGLQFKLFACEVLYNIAFMYAKKEEWKKAEEQLALATSMKSEPRHSKIDKAMECVWKQKLYEPVVIPVGKLFRPN,Affinity Benchmark v5.5
155,2FJU,5.275724130399211,PKVKAYLSQGERFIKWDDETTVASPVILRVDPKGYYLYWTYQSKEMEFLDITSIRDTRFGKFAKMPKSQKLRDVFNMDFPDNSFLLKTLTVVSGPDMVDLTFHNFVSYKENVGKAWAEDVLALVKHPLTANASRSTFLDKILVKLKMQLNSEGKIPVKNFFQMFPADRKRVEAALSACHLPKGKNDAINPEDFPEPVYKSFLMSLCPRPEIDEIFTSYMTKEHLTKFINQKQRDQGLIDKYEPSGQLSPEGMVWFLCGPENSVLAQDKLLLHHDMTQPLNHYFINSSHNTYLTAGQFSGLSSAEMYRQVLLSGCRCVELDCWKGKPPDEEPIITHGFTMTTDIFFKEAIEAIAESAFKTSPYPIILSFENHVDSPRQQAKMAEYCRTIFGDMLLTEPLEKFPLKPGVPLPSPEDLRGKILIKNKKEESGNLDEEEIKKMQSDEGTAGLEVTAYEEMSSLVNYIQPTKFVSFEFSAQKNRSYVISSFTELKAYDLLSKASVQFVDYNKRQMSRIYPKGTRMDSSNYMPQMFWNAGCQMVALNFQTMDLPMQQNMAVFEFNGQSGYLLKHEFMRRPTTLSITVISGQFLSERSVRTYVEVELFGLPGDPKRRYRTKLSPSTNSINPVWKEEPFVFEKILMPELASLRVAVMEEGNKFLGHRIIPINALNSGYHHLCLHSESNMPLTMPALFIFLEMKD,MQAIKCVVVGDGAVGKTCLLISYTTNAFPGEYIPTVFDNYSANVMVDGKPVNLGLWDTAGQEDYDRLRPLSYPQTDVFLICFSLVSPASFENVRAKWYPEVRHHCPNTPIILVGTKLDLRDDKDTIEKLKEKKLTPITYPQGLAMAKEIGAVKYLECSALTQRGLKTVFDEAIRAVL,Affinity Benchmark v5.5
156,3DAW,4.698970004336019,ETTALVCDNGSGLVKAGFAGDDAPRAVFPSIVGRPRHQGVMVGMGQKDSYVGDEAQSKRGILTLKYPIEHGIITNWDDMEKIWHHTFYNELRVAPEEHPTLLTEAPLNPKANREKMTQIMFETFNVPAMYVAIQAVLSLYASGRTTGIVLDSGDGVTHNVPIYEGYALPHAIMRLDLAGRDLTDYLMKILTERGYSFVTTAEREIVRDIKEKLCYVALDFENEMATAASSSSLEKSYELPDGQVITIGNERFRCPETLFQPSFIGMESAGIHETTYNSIMKCDIDIRKDLYANNVMSGGTTMYPGIADRMQKEITALAPSTMKIKIIAPPERKYSVWIGGSILASLSTFQQMWITKQEYDEAGPSIVHRKCF,QGVAFPISRDAFQALEKLSKKQLNYVQLEIDIKNETIILANTENTELRDLPKRIPKDSARYHFFLYKHSHEGDYLESVVFIYSMPGYTCSIRERMLYSSCKSPLLEIVERQLQMDVIRKIEIDNGDELTADFLYDEVHPK,Affinity Benchmark v5.5
157,1CBW,7.958607314841775,CGVPAIQPVLSIVNGEEAVPGSWPWQVSLQDKTGFHFCGGSLINENWVVTAAHCGVTTSDVVVAGEFDQGSSSEKIQKLKIAKVFKNSKYNSLTINNDITLLKLSTAASFSQTVSAVCLPSASDDFAAGTTCVTTGWGLTRYANTPDRLQQASLPLLSNTNCKKYWGTKIKDAMICAGASGVSSCMGDSGGPLVCKKNGAWTLVGIVSWGSSTCSTSTPGVYARVTALVNWVQQTLAAN,RPDFCLEPPYTGPCKARIIRYFYNAKAGLCQTFVYGGCRAKRNNFKSAEDCMRTCGGA,Affinity Benchmark v5.5
158,2VDB,9.82390874094432,EVAHRFKDLGEENFKALVLIAFAQYLQQCPFEDHVKLVNEVTEFAKTCVADESAENCDKSLHTLFGDKLCTVATLEMADCCAKQEPERNECFLQHKDDNPNLPRLVRPEVDVMCTAFHDNEETFLKKYLYEIARRHPYFYAPELLFFAKRYKAAFTECCQAADKAACLLPKLDELRDEGKASSAKQRLKCASLQKFGERAFKAWAVARLSQRFPKAEFAEVSKLVTDLTKVHTECCHGDLLECADDRADLAKYICENQDSISSKLKECCEKPLLEKSHCIAEVENDEMPADLPSLAADFVESKDVCKNYAEAKDVFLGMFLYEYARRHPDYSVVLLLRLAKTYETTLEKCCAAADPHECYAKVFDEFKPLVEEPQNLIKQNCELFEQLGEYKFQNALLVRYTKKVPQVSTPTLVEVSRNLGKVGSKCCKHPEAKRMPCAEDYLSVVLNQLCVLHEKTPVSDRVTKCCTESLVNRRPCFSALEVDETYVPKEFNAETFTFHADICTLSEKERQIKKQTALVELVKHKPKATKEQLKAVMDDFAAFVEKCCKADDKETCFAEEGKKLVAASQAALG,HMTIDQWLLKNAKEDAIAELKKAGITSDFYFNAINKAKTVEEVNALKNEILKAHA,Affinity Benchmark v5.5
